Chinese name	Latin name	Latin name.link	Category Chinese name	Category Latin name
矮地茶 (Aidicha)	Ardisiae Japonicae Herba	https://tcmsp-e.com/tcmspsearch.php?qr=Ardisiae%20Japonicae%20Herba&qsr=herb_en_name&token=ff2a4dfa4373a4dfe5a7a93e26adaf15	止咳平喘药	Antitussive Antiasthmetics
艾叶 (Aiye)	Folium Artemisiae Argyi	https://tcmsp-e.com/tcmspsearch.php?qr=Folium%20Artemisiae%20Argyi&qsr=herb_en_name&token=ff2a4dfa4373a4dfe5a7a93e26adaf15	温经止血药	Channel-Warming Hemostatic
安息香 (Anxixiang)	Benzoinum	https://tcmsp-e.com/tcmspsearch.php?qr=Benzoinum&qsr=herb_en_name&token=ff2a4dfa4373a4dfe5a7a93e26adaf15	开窍药	Resuscitative Stimulant; Resuscitative Medicinal
八角茴香 (Bajiaohuixiang)	Anisi Stellati Fructus	https://tcmsp-e.com/tcmspsearch.php?qr=Anisi%20Stellati%20Fructus&qsr=herb_en_name&token=ff2a4dfa4373a4dfe5a7a93e26adaf15	温里药	Warming Interior Drugs
八角莲 (Bajiaolian)	Dysosmae Verspiellis Rhixoma Et Radix	https://tcmsp-e.com/tcmspsearch.php?qr=Dysosmae%20Verspiellis%20Rhixoma%20Et%20Radix&qsr=herb_en_name&token=ff2a4dfa4373a4dfe5a7a93e26adaf15	清热解毒药	Antipyretic Detoxicate Drugs
巴豆 (Badou)	Crotonis Fructus	https://tcmsp-e.com/tcmspsearch.php?qr=Crotonis%20Fructus&qsr=herb_en_name&token=ff2a4dfa4373a4dfe5a7a93e26adaf15	攻下药	Offensive Purgative Medicinal
巴戟天 (Bajitian)	Morindae Officinalis Radix	https://tcmsp-e.com/tcmspsearch.php?qr=Morindae%20Officinalis%20Radix&qsr=herb_en_name&token=ff2a4dfa4373a4dfe5a7a93e26adaf15	补阳药	Yang Reinforcing Drugs
菝葜 (Baqia)	Smilax China	https://tcmsp-e.com/tcmspsearch.php?qr=Smilax%20China&qsr=herb_en_name&token=ff2a4dfa4373a4dfe5a7a93e26adaf15	祛风湿散寒药	Wind-Dampnessdispelling And Colddispersing Medicinal
白扁豆 (Baibiandou)	Lablab Semen Album	https://tcmsp-e.com/tcmspsearch.php?qr=Lablab%20Semen%20Album&qsr=herb_en_name&token=ff2a4dfa4373a4dfe5a7a93e26adaf15	补气药	Qi Reinforcing Drugs
白附子 (Baifuzi)	Typhonii Rhizoma	https://tcmsp-e.com/tcmspsearch.php?qr=Typhonii%20Rhizoma&qsr=herb_en_name&token=ff2a4dfa4373a4dfe5a7a93e26adaf15	化痰药	Phlegresolving Medicine
白果 (Baiguo)	Ginkgo Semen	https://tcmsp-e.com/tcmspsearch.php?qr=Ginkgo%20Semen&qsr=herb_en_name&token=ff2a4dfa4373a4dfe5a7a93e26adaf15	止咳平喘药	Antitussive Antiasthmetics
白花菜子 (Baihuacaizi)	Semen Cleomis	https://tcmsp-e.com/tcmspsearch.php?qr=Semen%20Cleomis&qsr=herb_en_name&token=ff2a4dfa4373a4dfe5a7a93e26adaf15	祛风湿散寒药	Wind-Dampnessdispelling And Colddispersing Medicinal
白花蛇舌草 (Baihuasheshecao)	Hedyotis Diffusae Herba	https://tcmsp-e.com/tcmspsearch.php?qr=Hedyotis%20Diffusae%20Herba&qsr=herb_en_name&token=ff2a4dfa4373a4dfe5a7a93e26adaf15	清热解毒药	Antipyretic Detoxicate Drugs
白及 (Baiji)	Bletilla Striata (Thunb.Ex A.Murray)Rchb.F.	https://tcmsp-e.com/tcmspsearch.php?qr=Bletilla%20Striata%20(Thunb.Ex%20A.Murray)Rchb.F.&qsr=herb_en_name&token=ff2a4dfa4373a4dfe5a7a93e26adaf15	收敛止血药	Astringent Hemostatic Medicinal
白蔹 (Bailian)	Ampelopsis Japonica	https://tcmsp-e.com/tcmspsearch.php?qr=Ampelopsis%20Japonica&qsr=herb_en_name&token=ff2a4dfa4373a4dfe5a7a93e26adaf15	清热解毒药	Antipyretic Detoxicate Drugs
白毛藤 (Baimaoteng)	Herba Solani Lyrati	https://tcmsp-e.com/tcmspsearch.php?qr=Herba%20Solani%20Lyrati&qsr=herb_en_name&token=ff2a4dfa4373a4dfe5a7a93e26adaf15	清热解毒药	Antipyretic Detoxicate Drugs
白毛夏枯草 (Baimaoxiakucao)	Ajugae Decumbentis Herba	https://tcmsp-e.com/tcmspsearch.php?qr=Ajugae%20Decumbentis%20Herba&qsr=herb_en_name&token=ff2a4dfa4373a4dfe5a7a93e26adaf15	清热解毒药	Antipyretic Detoxicate Drugs
白茅根 (Baimaogen)	Imperatae Rhizoma	https://tcmsp-e.com/tcmspsearch.php?qr=Imperatae%20Rhizoma&qsr=herb_en_name&token=ff2a4dfa4373a4dfe5a7a93e26adaf15	凉血止血药	Blood-Cooling Hemostatic Medicinal
白前 (Baiqian)	Cynanchistauntonii Rhizoma Et Radix	https://tcmsp-e.com/tcmspsearch.php?qr=Cynanchistauntonii%20Rhizoma%20Et%20Radix&qsr=herb_en_name&token=ff2a4dfa4373a4dfe5a7a93e26adaf15	化痰药	Phlegresolving Medicine
白屈菜 (Baiqucai)	Chelidonii Herba	https://tcmsp-e.com/tcmspsearch.php?qr=Chelidonii%20Herba&qsr=herb_en_name&token=ff2a4dfa4373a4dfe5a7a93e26adaf15	止咳平喘药	Antitussive Antiasthmetics
白芍 (Baishao)	Paeoniae Radix Alba	https://tcmsp-e.com/tcmspsearch.php?qr=Paeoniae%20Radix%20Alba&qsr=herb_en_name&token=ff2a4dfa4373a4dfe5a7a93e26adaf15	补血药	Blood-Tonifying Medicinal
白术 (Baizhu)	Atractylodes Macrocephala Koidz.	https://tcmsp-e.com/tcmspsearch.php?qr=Atractylodes%20Macrocephala%20Koidz.&qsr=herb_en_name&token=ff2a4dfa4373a4dfe5a7a93e26adaf15	补气药	Qi Reinforcing Drugs
白头翁 (Baitouweng)	Pulsatilliae Radix	https://tcmsp-e.com/tcmspsearch.php?qr=Pulsatilliae%20Radix&qsr=herb_en_name&token=ff2a4dfa4373a4dfe5a7a93e26adaf15	清热解毒药	Antipyretic Detoxicate Drugs
白薇 (Baiwei)	Radix Cynanchi	https://tcmsp-e.com/tcmspsearch.php?qr=Radix%20Cynanchi&qsr=herb_en_name&token=ff2a4dfa4373a4dfe5a7a93e26adaf15	清虚热药	Asthenic Heat Dispelling Drugs
白鲜皮 (Baixianpi)	Dictamni Cortex	https://tcmsp-e.com/tcmspsearch.php?qr=Dictamni%20Cortex&qsr=herb_en_name&token=ff2a4dfa4373a4dfe5a7a93e26adaf15	清热燥湿药	Heat-Clearing And Dampnessdrying Medicinal
白药子 (Baiyaozi)	Radix Stephaniae Cepharanthae.	https://tcmsp-e.com/tcmspsearch.php?qr=Radix%20Stephaniae%20Cepharanthae.&qsr=herb_en_name&token=ff2a4dfa4373a4dfe5a7a93e26adaf15	清热解毒药	Antipyretic Detoxicate Drugs
白芷 (Baizhi)	A. Dahurica (Fisch.) Benth. Et Hook	https://tcmsp-e.com/tcmspsearch.php?qr=A.%20Dahurica%20(Fisch.)%20Benth.%20Et%20Hook&qsr=herb_en_name&token=ff2a4dfa4373a4dfe5a7a93e26adaf15	辛温解表药	Pungent-Warm Exterior-Releasing Medicinal
百部 (Baibu)	Stemonae Radix	https://tcmsp-e.com/tcmspsearch.php?qr=Stemonae%20Radix&qsr=herb_en_name&token=ff2a4dfa4373a4dfe5a7a93e26adaf15	止咳平喘药	Antitussive Antiasthmetics
百合 (Baihe)	Lilii Bulbus	https://tcmsp-e.com/tcmspsearch.php?qr=Lilii%20Bulbus&qsr=herb_en_name&token=ff2a4dfa4373a4dfe5a7a93e26adaf15	补阴药	Yin-Tonifying Medicinal
柏子仁 (Baiziren)	Platycladi Semen	https://tcmsp-e.com/tcmspsearch.php?qr=Platycladi%20Semen&qsr=herb_en_name&token=ff2a4dfa4373a4dfe5a7a93e26adaf15	安神药	Tranguilizing Medicinal
败酱草 (Baijiangcao)	Herba Patriniae	https://tcmsp-e.com/tcmspsearch.php?qr=Herba%20Patriniae&qsr=herb_en_name&token=ff2a4dfa4373a4dfe5a7a93e26adaf15	清热解毒药	Antipyretic Detoxicate Drugs
斑蝥 (Banmao)	Mylabris	https://tcmsp-e.com/tcmspsearch.php?qr=Mylabris&qsr=herb_en_name&token=ff2a4dfa4373a4dfe5a7a93e26adaf15	活血祛瘀药	Blood Activating Stasis Removing Drugs
板蓝根 (Banlangen)	Isatidis Radix	https://tcmsp-e.com/tcmspsearch.php?qr=Isatidis%20Radix&qsr=herb_en_name&token=ff2a4dfa4373a4dfe5a7a93e26adaf15	清热解毒药	Antipyretic Detoxicate Drugs
半边莲 (Banbianlian)	Lobeliae Chinensis Herba	https://tcmsp-e.com/tcmspsearch.php?qr=Lobeliae%20Chinensis%20Herba&qsr=herb_en_name&token=ff2a4dfa4373a4dfe5a7a93e26adaf15	清热解毒药	Antipyretic Detoxicate Drugs
半夏 (Banxia)	Arum Ternatum Thunb.	https://tcmsp-e.com/tcmspsearch.php?qr=Arum%20Ternatum%20Thunb.&qsr=herb_en_name&token=ff2a4dfa4373a4dfe5a7a93e26adaf15	化痰药	Phlegresolving Medicine
半枝莲 (Banzhilian)	Scutellariae Barbatae Herba	https://tcmsp-e.com/tcmspsearch.php?qr=Scutellariae%20Barbatae%20Herba&qsr=herb_en_name&token=ff2a4dfa4373a4dfe5a7a93e26adaf15	清热解毒药	Antipyretic Detoxicate Drugs
薄荷 (Bohe)	Menthae Herba	https://tcmsp-e.com/tcmspsearch.php?qr=Menthae%20Herba&qsr=herb_en_name&token=ff2a4dfa4373a4dfe5a7a93e26adaf15	辛凉解表药	Pungent Cool Diaphoretics
北豆根 (Beidougen)	Menispermi Rhizoma	https://tcmsp-e.com/tcmspsearch.php?qr=Menispermi%20Rhizoma&qsr=herb_en_name&token=ff2a4dfa4373a4dfe5a7a93e26adaf15	清热解毒药	Antipyretic Detoxicate Drugs
北刘寄奴 (Beiliujinu)	Siphonostegiae Herba	https://tcmsp-e.com/tcmspsearch.php?qr=Siphonostegiae%20Herba&qsr=herb_en_name&token=ff2a4dfa4373a4dfe5a7a93e26adaf15	活血祛瘀药	Blood Activating Stasis Removing Drugs
北沙参 (Beishashen)	Glehniae Radix	https://tcmsp-e.com/tcmspsearch.php?qr=Glehniae%20Radix&qsr=herb_en_name&token=ff2a4dfa4373a4dfe5a7a93e26adaf15	补阴药	Yin-Tonifying Medicinal
北五味子 (Beiwuweizi)	Schisandrae Chinensis Fructus	https://tcmsp-e.com/tcmspsearch.php?qr=Schisandrae%20Chinensis%20Fructus&qsr=herb_en_name&token=ff2a4dfa4373a4dfe5a7a93e26adaf15	收涩药	Astringent Medicinal
荜茇 (Biba)	Piperis Longi Fructus	https://tcmsp-e.com/tcmspsearch.php?qr=Piperis%20Longi%20Fructus&qsr=herb_en_name&token=ff2a4dfa4373a4dfe5a7a93e26adaf15	温里药	Warming Interior Drugs
荜澄茄 (Bichengqie)	Litseae Fructus	https://tcmsp-e.com/tcmspsearch.php?qr=Litseae%20Fructus&qsr=herb_en_name&token=ff2a4dfa4373a4dfe5a7a93e26adaf15	温里药	Warming Interior Drugs
蓖麻子 (Bimazie)	Ricini Semen	https://tcmsp-e.com/tcmspsearch.php?qr=Ricini%20Semen&qsr=herb_en_name&token=ff2a4dfa4373a4dfe5a7a93e26adaf15	拔毒化腐生肌药	External Medicinal (Draw Out Toxin, Resolve Putridity)
萹蓄 (Bianxu)	Polygoni Avicularis Herba	https://tcmsp-e.com/tcmspsearch.php?qr=Polygoni%20Avicularis%20Herba&qsr=herb_en_name&token=ff2a4dfa4373a4dfe5a7a93e26adaf15	利水渗湿药	Diuretic Dampness Excreting Drugs
扁豆花 (Biandouhua)	Dolichos Lablab L	https://tcmsp-e.com/tcmspsearch.php?qr=Dolichos%20Lablab%20L&qsr=herb_en_name&token=ff2a4dfa4373a4dfe5a7a93e26adaf15	化湿药	Dampness Removing Drugs
槟榔 (Binglang)	Arecae Semen	https://tcmsp-e.com/tcmspsearch.php?qr=Arecae%20Semen&qsr=herb_en_name&token=ff2a4dfa4373a4dfe5a7a93e26adaf15	驱虫药	Antiparasitic Drugs
冰片 (Bingpian)	Borneolum Syntheticum	https://tcmsp-e.com/tcmspsearch.php?qr=Borneolum%20Syntheticum&qsr=herb_en_name&token=ff2a4dfa4373a4dfe5a7a93e26adaf15	开窍药	Resuscitative Stimulant; Resuscitative Medicinal
布渣叶 (Buzhaye)	Microctis Folium	https://tcmsp-e.com/tcmspsearch.php?qr=Microctis%20Folium&qsr=herb_en_name&token=ff2a4dfa4373a4dfe5a7a93e26adaf15	拔毒化腐生肌药	External Medicinal (Draw Out Toxin, Resolve Putridity)
蚕沙 (Cansha)	Bombyx Mori L.	https://tcmsp-e.com/tcmspsearch.php?qr=Bombyx%20Mori%20L.&qsr=herb_en_name&token=ff2a4dfa4373a4dfe5a7a93e26adaf15	祛风湿散寒药	Wind-Dampnessdispelling And Colddispersing Medicinal
苍耳子 (Cangerzi)	Xanthii Fructus	https://tcmsp-e.com/tcmspsearch.php?qr=Xanthii%20Fructus&qsr=herb_en_name&token=ff2a4dfa4373a4dfe5a7a93e26adaf15	辛温解表药	Pungent-Warm Exterior-Releasing Medicinal
苍术 (Cangzhu)	Atractylodes Lancea (Thunb.)Dc.	https://tcmsp-e.com/tcmspsearch.php?qr=Atractylodes%20Lancea%20(Thunb.)Dc.&qsr=herb_en_name&token=ff2a4dfa4373a4dfe5a7a93e26adaf15	化湿药	Dampness Removing Drugs
草苁蓉 (Caocongrong)	Boschniakia Rossica Herba	https://tcmsp-e.com/tcmspsearch.php?qr=Boschniakia%20Rossica%20Herba&qsr=herb_en_name&token=ff2a4dfa4373a4dfe5a7a93e26adaf15	补阳药	Yang Reinforcing Drugs
草果 (Caoguo)	Amomum Tsao-Ko Crevostet	https://tcmsp-e.com/tcmspsearch.php?qr=Amomum%20Tsao-Ko%20Crevostet&qsr=herb_en_name&token=ff2a4dfa4373a4dfe5a7a93e26adaf15	化湿药	Dampness Removing Drugs
草乌 (Caowu)	Aconitum Kusnezoffii Reichb	https://tcmsp-e.com/tcmspsearch.php?qr=Aconitum%20Kusnezoffii%20Reichb&qsr=herb_en_name&token=ff2a4dfa4373a4dfe5a7a93e26adaf15	祛风湿散寒药	Wind-Dampnessdispelling And Colddispersing Medicinal
草乌叶 (Caowuye)	Radix Aconiti Kusnezoffii	https://tcmsp-e.com/tcmspsearch.php?qr=Radix%20Aconiti%20Kusnezoffii&qsr=herb_en_name&token=ff2a4dfa4373a4dfe5a7a93e26adaf15	清热解毒药	Antipyretic Detoxicate Drugs
侧柏叶 (Cebaiye)	Platycladi Cacumen	https://tcmsp-e.com/tcmspsearch.php?qr=Platycladi%20Cacumen&qsr=herb_en_name&token=ff2a4dfa4373a4dfe5a7a93e26adaf15	凉血止血药	Blood-Cooling Hemostatic Medicinal
柴胡 (Chaihu)	Radix Bupleuri	https://tcmsp-e.com/tcmspsearch.php?qr=Radix%20Bupleuri&qsr=herb_en_name&token=ff2a4dfa4373a4dfe5a7a93e26adaf15	辛凉解表药	Pungent Cool Diaphoretics
蝉蜕 (Chantui)	Cicadae Periostracum	https://tcmsp-e.com/tcmspsearch.php?qr=Cicadae%20Periostracum&qsr=herb_en_name&token=ff2a4dfa4373a4dfe5a7a93e26adaf15	辛凉解表药	Pungent Cool Diaphoretics
常山 (Changshan)	Dichroae Radix	https://tcmsp-e.com/tcmspsearch.php?qr=Dichroae%20Radix&qsr=herb_en_name&token=ff2a4dfa4373a4dfe5a7a93e26adaf15	涌吐药	Emetic Medicinal
车前草 (Cheqiancao)	Plantaginis Herba	https://tcmsp-e.com/tcmspsearch.php?qr=Plantaginis%20Herba&qsr=herb_en_name&token=ff2a4dfa4373a4dfe5a7a93e26adaf15	利水渗湿药	Diuretic Dampness Excreting Drugs
车前子 (Cheqianzi)	Plantaginis Semen	https://tcmsp-e.com/tcmspsearch.php?qr=Plantaginis%20Semen&qsr=herb_en_name&token=ff2a4dfa4373a4dfe5a7a93e26adaf15	利水渗湿药	Diuretic Dampness Excreting Drugs
沉香 (Chenxiang)	Linderae Radix	https://tcmsp-e.com/tcmspsearch.php?qr=Linderae%20Radix&qsr=herb_en_name&token=ff2a4dfa4373a4dfe5a7a93e26adaf15	理气药	Qi Regulating Drugs
陈皮 (Chenpi)	Citrus Reticulata	https://tcmsp-e.com/tcmspsearch.php?qr=Citrus%20Reticulata&qsr=herb_en_name&token=ff2a4dfa4373a4dfe5a7a93e26adaf15	理气药	Qi Regulating Drugs
赤芍 (Chishao)	Radix Paeoniae Rubra	https://tcmsp-e.com/tcmspsearch.php?qr=Radix%20Paeoniae%20Rubra&qsr=herb_en_name&token=ff2a4dfa4373a4dfe5a7a93e26adaf15	清热凉血药	Heat Clearing Blood Cooling Drugs
赤小豆 (Chixiaodou)	Phaseoli Semen	https://tcmsp-e.com/tcmspsearch.php?qr=Phaseoli%20Semen&qsr=herb_en_name&token=ff2a4dfa4373a4dfe5a7a93e26adaf15	利水渗湿药	Diuretic Dampness Excreting Drugs
茺蔚子 (Chongweizi)	Leonuri Fructus	https://tcmsp-e.com/tcmspsearch.php?qr=Leonuri%20Fructus&qsr=herb_en_name&token=ff2a4dfa4373a4dfe5a7a93e26adaf15	活血祛瘀药	Blood Activating Stasis Removing Drugs
臭梧桐 (Chouwutong)	Clerodendrum Trichotomum Thunb	https://tcmsp-e.com/tcmspsearch.php?qr=Clerodendrum%20Trichotomum%20Thunb&qsr=herb_en_name&token=ff2a4dfa4373a4dfe5a7a93e26adaf15	祛风湿清热药	Wind-Dampnessdispelling And Heatclearing Medicinal
楮实子 (Chushiziu)	Broussonetiae Fructus	https://tcmsp-e.com/tcmspsearch.php?qr=Broussonetiae%20Fructus&qsr=herb_en_name&token=ff2a4dfa4373a4dfe5a7a93e26adaf15	补阴药	Yin-Tonifying Medicinal
川贝母 (Chuanbeimu)	Fritiliariae Irrhosae Bulbus	https://tcmsp-e.com/tcmspsearch.php?qr=Fritiliariae%20Irrhosae%20Bulbus&qsr=herb_en_name&token=ff2a4dfa4373a4dfe5a7a93e26adaf15	化痰药	Phlegresolving Medicine
川槿皮 (Chuanjinpi)	Cortex Hibisci	https://tcmsp-e.com/tcmspsearch.php?qr=Cortex%20Hibisci&qsr=herb_en_name&token=ff2a4dfa4373a4dfe5a7a93e26adaf15	清热解毒药	Antipyretic Detoxicate Drugs
川楝子 (Chuanlianzi)	Toosendan Fructus	https://tcmsp-e.com/tcmspsearch.php?qr=Toosendan%20Fructus&qsr=herb_en_name&token=ff2a4dfa4373a4dfe5a7a93e26adaf15	理气药	Qi Regulating Drugs
川木通 (Chuanmutong)	Clematidis Armandii Caulis	https://tcmsp-e.com/tcmspsearch.php?qr=Clematidis%20Armandii%20Caulis&qsr=herb_en_name&token=ff2a4dfa4373a4dfe5a7a93e26adaf15	利水渗湿药	Diuretic Dampness Excreting Drugs
川牛膝 (Chuanniuxi)	Cyathulae Radix	https://tcmsp-e.com/tcmspsearch.php?qr=Cyathulae%20Radix&qsr=herb_en_name&token=ff2a4dfa4373a4dfe5a7a93e26adaf15	活血祛瘀药	Blood Activating Stasis Removing Drugs
川射干 (Chuanshegan)	Iridis Tectori Rhizoma	https://tcmsp-e.com/tcmspsearch.php?qr=Iridis%20Tectori%20Rhizoma&qsr=herb_en_name&token=ff2a4dfa4373a4dfe5a7a93e26adaf15	清热解毒药	Antipyretic Detoxicate Drugs
川乌 (Chuanwu)	Aconiti Radix	https://tcmsp-e.com/tcmspsearch.php?qr=Aconiti%20Radix&qsr=herb_en_name&token=ff2a4dfa4373a4dfe5a7a93e26adaf15	祛风湿散寒药	Wind-Dampnessdispelling And Colddispersing Medicinal
川芎 (Chuanxiong)	Chuanxiong Rhizoma	https://tcmsp-e.com/tcmspsearch.php?qr=Chuanxiong%20Rhizoma&qsr=herb_en_name&token=ff2a4dfa4373a4dfe5a7a93e26adaf15	活血祛瘀药	Blood Activating Stasis Removing Drugs
穿山龙 (Chuanshanlong)	Rhizoma Dioscoreae Nipponicae	https://tcmsp-e.com/tcmspsearch.php?qr=Rhizoma%20Dioscoreae%20Nipponicae&qsr=herb_en_name&token=ff2a4dfa4373a4dfe5a7a93e26adaf15	祛风湿清热药	Wind-Dampnessdispelling And Heatclearing Medicinal
穿心莲 (Chuanxinlian)	Andrographis Herba	https://tcmsp-e.com/tcmspsearch.php?qr=Andrographis%20Herba&qsr=herb_en_name&token=ff2a4dfa4373a4dfe5a7a93e26adaf15	清热解毒药	Antipyretic Detoxicate Drugs
垂盆草 (Chuipencao)	Sedi Herba	https://tcmsp-e.com/tcmspsearch.php?qr=Sedi%20Herba&qsr=herb_en_name&token=ff2a4dfa4373a4dfe5a7a93e26adaf15	清热解毒药	Antipyretic Detoxicate Drugs
椿皮 (Chunpi)	Ailanthi Cortex	https://tcmsp-e.com/tcmspsearch.php?qr=Ailanthi%20Cortex&qsr=herb_en_name&token=ff2a4dfa4373a4dfe5a7a93e26adaf15	清热燥湿药	Heat-Clearing And Dampnessdrying Medicinal
葱白 (Congbai)	Allii Fistulost Bulbus	https://tcmsp-e.com/tcmspsearch.php?qr=Allii%20Fistulost%20Bulbus&qsr=herb_en_name&token=ff2a4dfa4373a4dfe5a7a93e26adaf15	辛温解表药	Pungent-Warm Exterior-Releasing Medicinal
大风子 (Dafengzi)	Hydnocarpi Anthelminticae Semen	https://tcmsp-e.com/tcmspsearch.php?qr=Hydnocarpi%20Anthelminticae%20Semen&qsr=herb_en_name&token=ff2a4dfa4373a4dfe5a7a93e26adaf15	解毒杀虫燥湿止痒药	Medicinal For Detoxification、Parasiticide、Drying Dampness And Relieving Itching
大腹皮 (Dafupi)	Areca Catechu L.	https://tcmsp-e.com/tcmspsearch.php?qr=Areca%20Catechu%20L.&qsr=herb_en_name&token=ff2a4dfa4373a4dfe5a7a93e26adaf15	理气药	Qi Regulating Drugs
大黄 (Dahuang)	Radix Rhei Et Rhizome	https://tcmsp-e.com/tcmspsearch.php?qr=Radix%20Rhei%20Et%20Rhizome&qsr=herb_en_name&token=ff2a4dfa4373a4dfe5a7a93e26adaf15	攻下药	Offensive Purgative Medicinal
大蓟 (Daji)	Radix Cirsii Japonici	https://tcmsp-e.com/tcmspsearch.php?qr=Radix%20Cirsii%20Japonici&qsr=herb_en_name&token=ff2a4dfa4373a4dfe5a7a93e26adaf15	凉血止血药	Blood-Cooling Hemostatic Medicinal
大青叶 (Daqingye)	Isatidis Folium	https://tcmsp-e.com/tcmspsearch.php?qr=Isatidis%20Folium&qsr=herb_en_name&token=ff2a4dfa4373a4dfe5a7a93e26adaf15	清热解毒药	Antipyretic Detoxicate Drugs
大蒜 (Dasuan)	Allii Sativi Bulbus	https://tcmsp-e.com/tcmspsearch.php?qr=Allii%20Sativi%20Bulbus&qsr=herb_en_name&token=ff2a4dfa4373a4dfe5a7a93e26adaf15	解毒杀虫燥湿止痒药	Medicinal For Detoxification、Parasiticide、Drying Dampness And Relieving Itching
大血藤 (Daxueteng)	Sargentodoxae Caulis	https://tcmsp-e.com/tcmspsearch.php?qr=Sargentodoxae%20Caulis&qsr=herb_en_name&token=ff2a4dfa4373a4dfe5a7a93e26adaf15	清热解毒药	Antipyretic Detoxicate Drugs
大枣 (Dazao)	Jujubae Fructus	https://tcmsp-e.com/tcmspsearch.php?qr=Jujubae%20Fructus&qsr=herb_en_name&token=ff2a4dfa4373a4dfe5a7a93e26adaf15	补气药	Qi Reinforcing Drugs
大皂荚 (Dazaojia)	Gleditsiae Fructus	https://tcmsp-e.com/tcmspsearch.php?qr=Gleditsiae%20Fructus&qsr=herb_en_name&token=ff2a4dfa4373a4dfe5a7a93e26adaf15	化痰药	Phlegresolving Medicine
玳玳花 (Daidaihua)	Citrus Aurantium	https://tcmsp-e.com/tcmspsearch.php?qr=Citrus%20Aurantium&qsr=herb_en_name&token=ff2a4dfa4373a4dfe5a7a93e26adaf15	理气药	Qi Regulating Drugs
丹参 (Danshen)	Radix Salviae	https://tcmsp-e.com/tcmspsearch.php?qr=Radix%20Salviae&qsr=herb_en_name&token=ff2a4dfa4373a4dfe5a7a93e26adaf15	活血祛瘀药	Blood Activating Stasis Removing Drugs
淡豆豉 (Dandouchi)	Sojae Semen Praeparatum	https://tcmsp-e.com/tcmspsearch.php?qr=Sojae%20Semen%20Praeparatum&qsr=herb_en_name&token=ff2a4dfa4373a4dfe5a7a93e26adaf15	辛凉解表药	Pungent Cool Diaphoretics
当归 (Danggui)	Angelicae Sinensis Radix	https://tcmsp-e.com/tcmspsearch.php?qr=Angelicae%20Sinensis%20Radix&qsr=herb_en_name&token=ff2a4dfa4373a4dfe5a7a93e26adaf15	补血药	Blood-Tonifying Medicinal
党参 (Dangshen)	Codonopsis Radix	https://tcmsp-e.com/tcmspsearch.php?qr=Codonopsis%20Radix&qsr=herb_en_name&token=ff2a4dfa4373a4dfe5a7a93e26adaf15	补气药	Qi Reinforcing Drugs
刀豆 (Daodou)	Canavaliae Semen	https://tcmsp-e.com/tcmspsearch.php?qr=Canavaliae%20Semen&qsr=herb_en_name&token=ff2a4dfa4373a4dfe5a7a93e26adaf15	理气药	Qi Regulating Drugs
倒扣草 (Daokoucao)	Achyranthis Asperae Herba	https://tcmsp-e.com/tcmspsearch.php?qr=Achyranthis%20Asperae%20Herba&qsr=herb_en_name&token=ff2a4dfa4373a4dfe5a7a93e26adaf15	活血祛瘀药	Blood Activating Stasis Removing Drugs
灯心草 (Dengxincao)	Junci Medulla	https://tcmsp-e.com/tcmspsearch.php?qr=Junci%20Medulla&qsr=herb_en_name&token=ff2a4dfa4373a4dfe5a7a93e26adaf15	利水渗湿药	Diuretic Dampness Excreting Drugs
地耳草 (Diercao)	Hyperici Japonici Herber	https://tcmsp-e.com/tcmspsearch.php?qr=Hyperici%20Japonici%20Herber&qsr=herb_en_name&token=ff2a4dfa4373a4dfe5a7a93e26adaf15	利水渗湿药	Diuretic Dampness Excreting Drugs
地枫皮 (Difengpi)	Illicium Difengpi K. L. B. Et K. I. M.	https://tcmsp-e.com/tcmspsearch.php?qr=Illicium%20Difengpi%20K.%20L.%20B.%20Et%20K.%20I.%20M.&qsr=herb_en_name&token=ff2a4dfa4373a4dfe5a7a93e26adaf15	祛风湿散寒药	Wind-Dampnessdispelling And Colddispersing Medicinal
地肤子 (Difuzi)	Kochiae Fructus	https://tcmsp-e.com/tcmspsearch.php?qr=Kochiae%20Fructus&qsr=herb_en_name&token=ff2a4dfa4373a4dfe5a7a93e26adaf15	利水渗湿药	Diuretic Dampness Excreting Drugs
地骨皮 (Digupi)	Lycii Cortex	https://tcmsp-e.com/tcmspsearch.php?qr=Lycii%20Cortex&qsr=herb_en_name&token=ff2a4dfa4373a4dfe5a7a93e26adaf15	清虚热药	Asthenic Heat Dispelling Drugs
地锦草 (Dijincao)	Euphorbiae Humifusae Herba	https://tcmsp-e.com/tcmspsearch.php?qr=Euphorbiae%20Humifusae%20Herba&qsr=herb_en_name&token=ff2a4dfa4373a4dfe5a7a93e26adaf15	清热解毒药	Antipyretic Detoxicate Drugs
地榆 (Diyu)	Radix Sanguisorbae	https://tcmsp-e.com/tcmspsearch.php?qr=Radix%20Sanguisorbae&qsr=herb_en_name&token=ff2a4dfa4373a4dfe5a7a93e26adaf15	凉血止血药	Blood-Cooling Hemostatic Medicinal
丁公藤 (Dinggongteng)	Erycibe Obtusifolia Benth	https://tcmsp-e.com/tcmspsearch.php?qr=Erycibe%20Obtusifolia%20Benth&qsr=herb_en_name&token=ff2a4dfa4373a4dfe5a7a93e26adaf15	祛风湿散寒药	Wind-Dampnessdispelling And Colddispersing Medicinal
丁香 (Dingxiang)	Caryophylliflos	https://tcmsp-e.com/tcmspsearch.php?qr=Caryophylliflos&qsr=herb_en_name&token=ff2a4dfa4373a4dfe5a7a93e26adaf15	温里药	Warming Interior Drugs
冬虫夏草 (Dongchongxiacao)	Corayceps	https://tcmsp-e.com/tcmspsearch.php?qr=Corayceps&qsr=herb_en_name&token=ff2a4dfa4373a4dfe5a7a93e26adaf15	补阳药	Yang Reinforcing Drugs
冬瓜皮 (Dongguapi)	Benincasae Exocarpium	https://tcmsp-e.com/tcmspsearch.php?qr=Benincasae%20Exocarpium&qsr=herb_en_name&token=ff2a4dfa4373a4dfe5a7a93e26adaf15	利水渗湿药	Diuretic Dampness Excreting Drugs
冬瓜子 (Dongguazi)	Benincasae Semen	https://tcmsp-e.com/tcmspsearch.php?qr=Benincasae%20Semen&qsr=herb_en_name&token=ff2a4dfa4373a4dfe5a7a93e26adaf15	化痰药	Phlegresolving Medicine
冬葵果 (Dongkuiguo)	Malvae Fructus	https://tcmsp-e.com/tcmspsearch.php?qr=Malvae%20Fructus&qsr=herb_en_name&token=ff2a4dfa4373a4dfe5a7a93e26adaf15	拔毒化腐生肌药	External Medicinal (Draw Out Toxin, Resolve Putridity)
豆蔻 (Doukou)	Alpinia Katsumadai Hayat	https://tcmsp-e.com/tcmspsearch.php?qr=Alpinia%20Katsumadai%20Hayat&qsr=herb_en_name&token=ff2a4dfa4373a4dfe5a7a93e26adaf15	化湿药	Dampness Removing Drugs
独活 (Duhuo)	Radix Angelicae Biseratae	https://tcmsp-e.com/tcmspsearch.php?qr=Radix%20Angelicae%20Biseratae&qsr=herb_en_name&token=ff2a4dfa4373a4dfe5a7a93e26adaf15	祛风湿散寒药	Wind-Dampnessdispelling And Colddispersing Medicinal
杜仲 (Duzhong)	Eucommiae Cortex	https://tcmsp-e.com/tcmspsearch.php?qr=Eucommiae%20Cortex&qsr=herb_en_name&token=ff2a4dfa4373a4dfe5a7a93e26adaf15	补阳药	Yang Reinforcing Drugs
杜仲叶 (Duzhongye)	Eucommiae Folium	https://tcmsp-e.com/tcmspsearch.php?qr=Eucommiae%20Folium&qsr=herb_en_name&token=ff2a4dfa4373a4dfe5a7a93e26adaf15	拔毒化腐生肌药	External Medicinal (Draw Out Toxin, Resolve Putridity)
断血流 (Duanxueliu)	Herba Clinopodii Polycephali.	https://tcmsp-e.com/tcmspsearch.php?qr=Herba%20Clinopodii%20Polycephali.&qsr=herb_en_name&token=ff2a4dfa4373a4dfe5a7a93e26adaf15	凉血止血药	Blood-Cooling Hemostatic Medicinal
莪术 (Ezhu)	Curcumae Rhizoma	https://tcmsp-e.com/tcmspsearch.php?qr=Curcumae%20Rhizoma&qsr=herb_en_name&token=ff2a4dfa4373a4dfe5a7a93e26adaf15	活血祛瘀药	Blood Activating Stasis Removing Drugs
鹅不食草 (Ebushicao)	Centipedae Herba	https://tcmsp-e.com/tcmspsearch.php?qr=Centipedae%20Herba&qsr=herb_en_name&token=ff2a4dfa4373a4dfe5a7a93e26adaf15	辛温解表药	Pungent-Warm Exterior-Releasing Medicinal
儿茶 (Ercha)	Catechu	https://tcmsp-e.com/tcmspsearch.php?qr=Catechu&qsr=herb_en_name&token=ff2a4dfa4373a4dfe5a7a93e26adaf15	活血祛瘀药	Blood Activating Stasis Removing Drugs
番泻叶 (Fanxieye)	Sennae Folium	https://tcmsp-e.com/tcmspsearch.php?qr=Sennae%20Folium&qsr=herb_en_name&token=ff2a4dfa4373a4dfe5a7a93e26adaf15	攻下药	Offensive Purgative Medicinal
翻白草 (Fanbaicao)	Potentillae Discoloris Herba	https://tcmsp-e.com/tcmspsearch.php?qr=Potentillae%20Discoloris%20Herba&qsr=herb_en_name&token=ff2a4dfa4373a4dfe5a7a93e26adaf15	清热解毒药	Antipyretic Detoxicate Drugs
防风 (Fangfeng)	Saposhnikoviae Radix	https://tcmsp-e.com/tcmspsearch.php?qr=Saposhnikoviae%20Radix&qsr=herb_en_name&token=ff2a4dfa4373a4dfe5a7a93e26adaf15	辛温解表药	Pungent-Warm Exterior-Releasing Medicinal
防己 (Fangji)	Stephaniae Tetrandrae Radix	https://tcmsp-e.com/tcmspsearch.php?qr=Stephaniae%20Tetrandrae%20Radix&qsr=herb_en_name&token=ff2a4dfa4373a4dfe5a7a93e26adaf15	祛风湿清热药	Wind-Dampnessdispelling And Heatclearing Medicinal
粉萆薢 (Fenbixie)	Dioscoreae Hypoglaucae Rhizoma	https://tcmsp-e.com/tcmspsearch.php?qr=Dioscoreae%20Hypoglaucae%20Rhizoma&qsr=herb_en_name&token=ff2a4dfa4373a4dfe5a7a93e26adaf15	利水渗湿药	Diuretic Dampness Excreting Drugs
凤尾草 (Fengweicao)	Pteridis Multifidae Herba	https://tcmsp-e.com/tcmspsearch.php?qr=Pteridis%20Multifidae%20Herba&qsr=herb_en_name&token=ff2a4dfa4373a4dfe5a7a93e26adaf15	清热解毒药	Antipyretic Detoxicate Drugs
凤仙透骨草 (Fengxiantougucao)	Impatiens Balsamina	https://tcmsp-e.com/tcmspsearch.php?qr=Impatiens%20Balsamina&qsr=herb_en_name&token=ff2a4dfa4373a4dfe5a7a93e26adaf15	祛风湿散寒药	Wind-Dampnessdispelling And Colddispersing Medicinal
凤眼草 (Fengyancao)	Ailanthi Altissimae Fructus	https://tcmsp-e.com/tcmspsearch.php?qr=Ailanthi%20Altissimae%20Fructus&qsr=herb_en_name&token=ff2a4dfa4373a4dfe5a7a93e26adaf15	清热解毒药	Antipyretic Detoxicate Drugs
佛手 (Foshou)	Citri Sarcodactylis Fructus	https://tcmsp-e.com/tcmspsearch.php?qr=Citri%20Sarcodactylis%20Fructus&qsr=herb_en_name&token=ff2a4dfa4373a4dfe5a7a93e26adaf15	理气药	Qi Regulating Drugs
茯苓 (Fuling)	Poria Cocos(Schw.) Wolf.	https://tcmsp-e.com/tcmspsearch.php?qr=Poria%20Cocos(Schw.)%20Wolf.&qsr=herb_en_name&token=ff2a4dfa4373a4dfe5a7a93e26adaf15	利水渗湿药	Diuretic Dampness Excreting Drugs
浮萍 (Fuping)	Spirodelae Herba	https://tcmsp-e.com/tcmspsearch.php?qr=Spirodelae%20Herba&qsr=herb_en_name&token=ff2a4dfa4373a4dfe5a7a93e26adaf15	辛凉解表药	Pungent Cool Diaphoretics
附子 (Fuzi)	Aconiti Lateralis Radix Praeparata	https://tcmsp-e.com/tcmspsearch.php?qr=Aconiti%20Lateralis%20Radix%20Praeparata&qsr=herb_en_name&token=ff2a4dfa4373a4dfe5a7a93e26adaf15	温里药	Warming Interior Drugs
覆盆子 (Fupenzi)	Rubi Fructus	https://tcmsp-e.com/tcmspsearch.php?qr=Rubi%20Fructus&qsr=herb_en_name&token=ff2a4dfa4373a4dfe5a7a93e26adaf15	收涩药	Astringent Medicinal
甘草 (Gancao)	licorice	https://tcmsp-e.com/tcmspsearch.php?qr=licorice&qsr=herb_en_name&token=ff2a4dfa4373a4dfe5a7a93e26adaf15	补气药	Qi Reinforcing Drugs
甘松 (Gansong)	Nardostachyos Radix Et Rhizoma	https://tcmsp-e.com/tcmspsearch.php?qr=Nardostachyos%20Radix%20Et%20Rhizoma&qsr=herb_en_name&token=ff2a4dfa4373a4dfe5a7a93e26adaf15	理气药	Qi Regulating Drugs
甘遂 (Gansui)	Kansui Radix	https://tcmsp-e.com/tcmspsearch.php?qr=Kansui%20Radix&qsr=herb_en_name&token=ff2a4dfa4373a4dfe5a7a93e26adaf15	通水药	Drastic Purgatives
干姜 (Ganjiang)	Zingiberis Rhizoma	https://tcmsp-e.com/tcmspsearch.php?qr=Zingiberis%20Rhizoma&qsr=herb_en_name&token=ff2a4dfa4373a4dfe5a7a93e26adaf15	温里药	Warming Interior Drugs
高良姜 (Gaoliangjiang)	Alpiniae Officinarum Rhizome	https://tcmsp-e.com/tcmspsearch.php?qr=Alpiniae%20Officinarum%20Rhizome&qsr=herb_en_name&token=ff2a4dfa4373a4dfe5a7a93e26adaf15	温里药	Warming Interior Drugs
藁本 (Gaoben)	Ligustici Rhizoma Et Radix	https://tcmsp-e.com/tcmspsearch.php?qr=Ligustici%20Rhizoma%20Et%20Radix&qsr=herb_en_name&token=ff2a4dfa4373a4dfe5a7a93e26adaf15	辛温解表药	Pungent-Warm Exterior-Releasing Medicinal
葛花 (Gehua)	Puerariae Flos	https://tcmsp-e.com/tcmspsearch.php?qr=Puerariae%20Flos&qsr=herb_en_name&token=ff2a4dfa4373a4dfe5a7a93e26adaf15	辛凉解表药	Pungent Cool Diaphoretics
功劳木 (Gonglaomu)	Mahoniae Caulis	https://tcmsp-e.com/tcmspsearch.php?qr=Mahoniae%20Caulis&qsr=herb_en_name&token=ff2a4dfa4373a4dfe5a7a93e26adaf15	清热解毒药	Antipyretic Detoxicate Drugs
钩藤 (Gouteng)	Uncariae Ramulus Cumuncis	https://tcmsp-e.com/tcmspsearch.php?qr=Uncariae%20Ramulus%20Cumuncis&qsr=herb_en_name&token=ff2a4dfa4373a4dfe5a7a93e26adaf15	平肝熄风药	Liver-Pacifying Wind-Extinguishing Medicinal
枸骨叶 (Gouguye)	Folium Ilicis Cornutae	https://tcmsp-e.com/tcmspsearch.php?qr=Folium%20Ilicis%20Cornutae&qsr=herb_en_name&token=ff2a4dfa4373a4dfe5a7a93e26adaf15	清虚热药	Asthenic Heat Dispelling Drugs
枸杞子 (Gouqizi)	Lycii Fructus	https://tcmsp-e.com/tcmspsearch.php?qr=Lycii%20Fructus&qsr=herb_en_name&token=ff2a4dfa4373a4dfe5a7a93e26adaf15	补阴药	Yin-Tonifying Medicinal
谷精草 (Gujingcao)	Eriocauli Flos	https://tcmsp-e.com/tcmspsearch.php?qr=Eriocauli%20Flos&qsr=herb_en_name&token=ff2a4dfa4373a4dfe5a7a93e26adaf15	清热泻火药	Fire Purging Drugs
骨碎补 (Gusuibu)	Drynariae Rhizoma	https://tcmsp-e.com/tcmspsearch.php?qr=Drynariae%20Rhizoma&qsr=herb_en_name&token=ff2a4dfa4373a4dfe5a7a93e26adaf15	补阳药	Yang Reinforcing Drugs
瓜蒂 (Guadi)	Calyx Cucumis	https://tcmsp-e.com/tcmspsearch.php?qr=Calyx%20Cucumis&qsr=herb_en_name&token=ff2a4dfa4373a4dfe5a7a93e26adaf15	涌吐药	Emetic Medicinal
瓜蒌 (Gualou)	Trichosanthes Kirilowii Maxim	https://tcmsp-e.com/tcmspsearch.php?qr=Trichosanthes%20Kirilowii%20Maxim&qsr=herb_en_name&token=ff2a4dfa4373a4dfe5a7a93e26adaf15	化痰药	Phlegresolving Medicine
关黄柏 (Guanhuangbo)	Phellodendri Amurensis Cortex	https://tcmsp-e.com/tcmspsearch.php?qr=Phellodendri%20Amurensis%20Cortex&qsr=herb_en_name&token=ff2a4dfa4373a4dfe5a7a93e26adaf15	清热燥湿药	Heat-Clearing And Dampnessdrying Medicinal
贯叶金丝桃 (Guanyejinsitao)	Herbahypericiperforati	https://tcmsp-e.com/tcmspsearch.php?qr=Herbahypericiperforati&qsr=herb_en_name&token=ff2a4dfa4373a4dfe5a7a93e26adaf15	收敛止血药	Astringent Hemostatic Medicinal
贯众 (Guanzhong)	Fortunes Bossfern Rhizome	https://tcmsp-e.com/tcmspsearch.php?qr=Fortunes%20Bossfern%20Rhizome&qsr=herb_en_name&token=ff2a4dfa4373a4dfe5a7a93e26adaf15	清热解毒药	Antipyretic Detoxicate Drugs
广藿香 (Guanghuoxiang)	Pogostemon Cablin (Blanco) Benth.	https://tcmsp-e.com/tcmspsearch.php?qr=Pogostemon%20Cablin%20(Blanco)%20Benth.&qsr=herb_en_name&token=ff2a4dfa4373a4dfe5a7a93e26adaf15	化湿药	Dampness Removing Drugs
广枣 (Guangzao)	Choerospondiatis Fructus	https://tcmsp-e.com/tcmspsearch.php?qr=Choerospondiatis%20Fructus&qsr=herb_en_name&token=ff2a4dfa4373a4dfe5a7a93e26adaf15	活血祛瘀药	Blood Activating Stasis Removing Drugs
鬼箭羽 (Guijianyu)	Euonymi Alati Ramulus	https://tcmsp-e.com/tcmspsearch.php?qr=Euonymi%20Alati%20Ramulus&qsr=herb_en_name&token=ff2a4dfa4373a4dfe5a7a93e26adaf15	活血祛瘀药	Blood Activating Stasis Removing Drugs
鬼针草 (Guizhencao)	Bidentis Bipinnatae Herba	https://tcmsp-e.com/tcmspsearch.php?qr=Bidentis%20Bipinnatae%20Herba&qsr=herb_en_name&token=ff2a4dfa4373a4dfe5a7a93e26adaf15	清热解毒药	Antipyretic Detoxicate Drugs
桂枝 (Guizhi)	Cinnamomi Ramulus	https://tcmsp-e.com/tcmspsearch.php?qr=Cinnamomi%20Ramulus&qsr=herb_en_name&token=ff2a4dfa4373a4dfe5a7a93e26adaf15	辛温解表药	Pungent-Warm Exterior-Releasing Medicinal
海风藤 (Haifengteng)	Caulis Piperis Kadsurae	https://tcmsp-e.com/tcmspsearch.php?qr=Caulis%20Piperis%20Kadsurae&qsr=herb_en_name&token=ff2a4dfa4373a4dfe5a7a93e26adaf15	祛风湿散寒药	Wind-Dampnessdispelling And Colddispersing Medicinal
海金沙 (Haijinsha)	Lygodii Spora	https://tcmsp-e.com/tcmspsearch.php?qr=Lygodii%20Spora&qsr=herb_en_name&token=ff2a4dfa4373a4dfe5a7a93e26adaf15	利水渗湿药	Diuretic Dampness Excreting Drugs
海桐皮 (Haitongpi)	Cortex Erythrinae	https://tcmsp-e.com/tcmspsearch.php?qr=Cortex%20Erythrinae&qsr=herb_en_name&token=ff2a4dfa4373a4dfe5a7a93e26adaf15	祛风湿清热药	Wind-Dampnessdispelling And Heatclearing Medicinal
海藻 (Haizao)	Sargassum	https://tcmsp-e.com/tcmspsearch.php?qr=Sargassum&qsr=herb_en_name&token=ff2a4dfa4373a4dfe5a7a93e26adaf15	化痰药	Phlegresolving Medicine
诃子 (Hezi)	Chebulae Fructus	https://tcmsp-e.com/tcmspsearch.php?qr=Chebulae%20Fructus&qsr=herb_en_name&token=ff2a4dfa4373a4dfe5a7a93e26adaf15	收涩药	Astringent Medicinal
荷叶 (Heye)	Folium Nelumbinis	https://tcmsp-e.com/tcmspsearch.php?qr=Folium%20Nelumbinis&qsr=herb_en_name&token=ff2a4dfa4373a4dfe5a7a93e26adaf15	清热解毒药	Antipyretic Detoxicate Drugs
核桃仁 (Hetaoren)	Juglandis Semen	https://tcmsp-e.com/tcmspsearch.php?qr=Juglandis%20Semen&qsr=herb_en_name&token=ff2a4dfa4373a4dfe5a7a93e26adaf15	补阳药	Yang Reinforcing Drugs
鹤虱 (Heshi)	Carpesiumabrotanoidesl.	https://tcmsp-e.com/tcmspsearch.php?qr=Carpesiumabrotanoidesl.&qsr=herb_en_name&token=ff2a4dfa4373a4dfe5a7a93e26adaf15	驱虫药	Antiparasitic Drugs
黑豆 (Heidou)	Sojae Semen Nigrum	https://tcmsp-e.com/tcmspsearch.php?qr=Sojae%20Semen%20Nigrum&qsr=herb_en_name&token=ff2a4dfa4373a4dfe5a7a93e26adaf15	补阴药	Yin-Tonifying Medicinal
黑老虎 (Heilaohu)	Kadsurae Coccineae Radix Et Caulis	https://tcmsp-e.com/tcmspsearch.php?qr=Kadsurae%20Coccineae%20Radix%20Et%20Caulis&qsr=herb_en_name&token=ff2a4dfa4373a4dfe5a7a93e26adaf15	理气药	Qi Regulating Drugs
黑芝麻 (Heizhima)	Sesami Nigrum Semen	https://tcmsp-e.com/tcmspsearch.php?qr=Sesami%20Nigrum%20Semen&qsr=herb_en_name&token=ff2a4dfa4373a4dfe5a7a93e26adaf15	补阴药	Yin-Tonifying Medicinal
红参 (Hongshen)	Ginsen Radix Et Rhizoma Rubra	https://tcmsp-e.com/tcmspsearch.php?qr=Ginsen%20Radix%20Et%20Rhizoma%20Rubra&qsr=herb_en_name&token=ff2a4dfa4373a4dfe5a7a93e26adaf15	补气药	Qi Reinforcing Drugs
红花 (Honghua)	Carthami Flos	https://tcmsp-e.com/tcmspsearch.php?qr=Carthami%20Flos&qsr=herb_en_name&token=ff2a4dfa4373a4dfe5a7a93e26adaf15	活血祛瘀药	Blood Activating Stasis Removing Drugs
红芪 (Hongqi)	Hedysari Radix	https://tcmsp-e.com/tcmspsearch.php?qr=Hedysari%20Radix&qsr=herb_en_name&token=ff2a4dfa4373a4dfe5a7a93e26adaf15	补气药	Qi Reinforcing Drugs
猴枣 (Houzao)	Macacae Calcalus Gasteris	https://tcmsp-e.com/tcmspsearch.php?qr=Macacae%20Calcalus%20Gasteris&qsr=herb_en_name&token=ff2a4dfa4373a4dfe5a7a93e26adaf15	化痰药	Phlegresolving Medicine
厚朴 (Houpu)	Magnolia Officinalis Rehd Et Wils．	https://tcmsp-e.com/tcmspsearch.php?qr=Magnolia%20Officinalis%20Rehd%20Et%20Wils．&qsr=herb_en_name&token=ff2a4dfa4373a4dfe5a7a93e26adaf15	化湿药	Dampness Removing Drugs
胡黄连 (Huhuanglian)	Picrorhizae Rhizoma	https://tcmsp-e.com/tcmspsearch.php?qr=Picrorhizae%20Rhizoma&qsr=herb_en_name&token=ff2a4dfa4373a4dfe5a7a93e26adaf15	清虚热药	Asthenic Heat Dispelling Drugs
胡椒 (Hujiao)	Piperis Fructus	https://tcmsp-e.com/tcmspsearch.php?qr=Piperis%20Fructus&qsr=herb_en_name&token=ff2a4dfa4373a4dfe5a7a93e26adaf15	温里药	Warming Interior Drugs
胡芦巴 (Huluba)	Trigonellae Semen	https://tcmsp-e.com/tcmspsearch.php?qr=Trigonellae%20Semen&qsr=herb_en_name&token=ff2a4dfa4373a4dfe5a7a93e26adaf15	补阳药	Yang Reinforcing Drugs
槲寄生 (Hujisheng)	Viscum Angulatum Heyne	https://tcmsp-e.com/tcmspsearch.php?qr=Viscum%20Angulatum%20Heyne&qsr=herb_en_name&token=ff2a4dfa4373a4dfe5a7a93e26adaf15	祛风湿筋骨药	Wind-Damp-Dispelling And Sinew-Bone-Strengthening Medicinal
虎耳草 (Huercao)	Saxifraga Stolonifera	https://tcmsp-e.com/tcmspsearch.php?qr=Saxifraga%20Stolonifera&qsr=herb_en_name&token=ff2a4dfa4373a4dfe5a7a93e26adaf15	清热解毒药	Antipyretic Detoxicate Drugs
虎杖 (Huzhang)	Polygoni Cuspidati Rhizoma Et Radix	https://tcmsp-e.com/tcmspsearch.php?qr=Polygoni%20Cuspidati%20Rhizoma%20Et%20Radix&qsr=herb_en_name&token=ff2a4dfa4373a4dfe5a7a93e26adaf15	利水渗湿药	Diuretic Dampness Excreting Drugs
花椒 (Huajiao)	Zanthoxyli Pericarpium	https://tcmsp-e.com/tcmspsearch.php?qr=Zanthoxyli%20Pericarpium&qsr=herb_en_name&token=ff2a4dfa4373a4dfe5a7a93e26adaf15	温里药	Warming Interior Drugs
花生衣 (Huashengyi)	Peanut Skin	https://tcmsp-e.com/tcmspsearch.php?qr=Peanut%20Skin&qsr=herb_en_name&token=ff2a4dfa4373a4dfe5a7a93e26adaf15	收敛止血药	Astringent Hemostatic Medicinal
华山参 (Huashanshen)	Physochlainae Radix	https://tcmsp-e.com/tcmspsearch.php?qr=Physochlainae%20Radix&qsr=herb_en_name&token=ff2a4dfa4373a4dfe5a7a93e26adaf15	止咳平喘药	Antitussive Antiasthmetics
化橘红 (Huajuhong)	Citri Grandis Exocarpium	https://tcmsp-e.com/tcmspsearch.php?qr=Citri%20Grandis%20Exocarpium&qsr=herb_en_name&token=ff2a4dfa4373a4dfe5a7a93e26adaf15	理气药	Qi Regulating Drugs
槐花 (Huaihua)	Sophora Japonica L.	https://tcmsp-e.com/tcmspsearch.php?qr=Sophora%20Japonica%20L.&qsr=herb_en_name&token=ff2a4dfa4373a4dfe5a7a93e26adaf15	凉血止血药	Blood-Cooling Hemostatic Medicinal
槐角 (Huaijiao)	Fructussophorae	https://tcmsp-e.com/tcmspsearch.php?qr=Fructussophorae&qsr=herb_en_name&token=ff2a4dfa4373a4dfe5a7a93e26adaf15	凉血止血药	Blood-Cooling Hemostatic Medicinal
黄柏 (Huangbo)	Phellodendri Chinrnsis Cortex	https://tcmsp-e.com/tcmspsearch.php?qr=Phellodendri%20Chinrnsis%20Cortex&qsr=herb_en_name&token=ff2a4dfa4373a4dfe5a7a93e26adaf15	清热燥湿药	Heat-Clearing And Dampnessdrying Medicinal
黄精 (Huangjing)	Polygonati Rhizoma	https://tcmsp-e.com/tcmspsearch.php?qr=Polygonati%20Rhizoma&qsr=herb_en_name&token=ff2a4dfa4373a4dfe5a7a93e26adaf15	补阴药	Yin-Tonifying Medicinal
黄连 (Huanglian)	Coptidis Rhizoma	https://tcmsp-e.com/tcmspsearch.php?qr=Coptidis%20Rhizoma&qsr=herb_en_name&token=ff2a4dfa4373a4dfe5a7a93e26adaf15	清热燥湿药	Heat-Clearing And Dampnessdrying Medicinal
黄芪 (Huangqi)	Hedysarum Multijugum Maxim.	https://tcmsp-e.com/tcmspsearch.php?qr=Hedysarum%20Multijugum%20Maxim.&qsr=herb_en_name&token=ff2a4dfa4373a4dfe5a7a93e26adaf15	补气药	Qi Reinforcing Drugs
黄芩 (Huangqin)	Scutellariae Radix	https://tcmsp-e.com/tcmspsearch.php?qr=Scutellariae%20Radix&qsr=herb_en_name&token=ff2a4dfa4373a4dfe5a7a93e26adaf15	清热燥湿药	Heat-Clearing And Dampnessdrying Medicinal
黄药子 (Huangyaozi)	Dioscoreaebulbiferae	https://tcmsp-e.com/tcmspsearch.php?qr=Dioscoreaebulbiferae&qsr=herb_en_name&token=ff2a4dfa4373a4dfe5a7a93e26adaf15	化痰药	Phlegresolving Medicine
火麻仁 (Huomaren)	Cannabis Sativa L.	https://tcmsp-e.com/tcmspsearch.php?qr=Cannabis%20Sativa%20L.&qsr=herb_en_name&token=ff2a4dfa4373a4dfe5a7a93e26adaf15	润下药	Laxatives
鸡骨草 (Jigucao)	Abri Herba	https://tcmsp-e.com/tcmspsearch.php?qr=Abri%20Herba&qsr=herb_en_name&token=ff2a4dfa4373a4dfe5a7a93e26adaf15	利水渗湿药	Diuretic Dampness Excreting Drugs
鸡冠花 (Jiguanhua)	Celosia Cristata L.	https://tcmsp-e.com/tcmspsearch.php?qr=Celosia%20Cristata%20L.&qsr=herb_en_name&token=ff2a4dfa4373a4dfe5a7a93e26adaf15	收敛止血药	Astringent Hemostatic Medicinal
鸡屎藤 (Jishiteng)	Paederiae Scandentis Herba	https://tcmsp-e.com/tcmspsearch.php?qr=Paederiae%20Scandentis%20Herba&qsr=herb_en_name&token=ff2a4dfa4373a4dfe5a7a93e26adaf15	消食药	Digestants
鸡血藤 (Jixueteng)	Spatholobus Suberectus Dunn	https://tcmsp-e.com/tcmspsearch.php?qr=Spatholobus%20Suberectus%20Dunn&qsr=herb_en_name&token=ff2a4dfa4373a4dfe5a7a93e26adaf15	活血祛瘀药	Blood Activating Stasis Removing Drugs
积雪草 (Jixuecao)	Centella Asiatica (L.) Urban[Hydro-Cotyle Asiatica L.]	https://tcmsp-e.com/tcmspsearch.php?qr=Centella%20Asiatica%20(L.)%20Urban[Hydro-Cotyle%20Asiatica%20L.]&qsr=herb_en_name&token=ff2a4dfa4373a4dfe5a7a93e26adaf15	清热解毒药	Antipyretic Detoxicate Drugs
急性子 (Jixingzi)	Impatientis Semen	https://tcmsp-e.com/tcmspsearch.php?qr=Impatientis%20Semen&qsr=herb_en_name&token=ff2a4dfa4373a4dfe5a7a93e26adaf15	活血祛瘀药	Blood Activating Stasis Removing Drugs
蒺藜 (Jili)	Tribulifructus	https://tcmsp-e.com/tcmspsearch.php?qr=Tribulifructus&qsr=herb_en_name&token=ff2a4dfa4373a4dfe5a7a93e26adaf15	平肝熄风药	Liver-Pacifying Wind-Extinguishing Medicinal
姜黄 (Jianghuang)	Curcumaelongae Rhizoma	https://tcmsp-e.com/tcmspsearch.php?qr=Curcumaelongae%20Rhizoma&qsr=herb_en_name&token=ff2a4dfa4373a4dfe5a7a93e26adaf15	活血祛瘀药	Blood Activating Stasis Removing Drugs
降香 (Jiangxiang)	Dalbergiae Odoriferae Lignum	https://tcmsp-e.com/tcmspsearch.php?qr=Dalbergiae%20Odoriferae%20Lignum&qsr=herb_en_name&token=ff2a4dfa4373a4dfe5a7a93e26adaf15	理气药	Qi Regulating Drugs
绞股蓝 (Jiaoguolan)	Gynostemmae Pentaphylli Herba	https://tcmsp-e.com/tcmspsearch.php?qr=Gynostemmae%20Pentaphylli%20Herba&qsr=herb_en_name&token=ff2a4dfa4373a4dfe5a7a93e26adaf15	补气药	Qi Reinforcing Drugs
芥子 (Jiezi)	Sinapis Semen	https://tcmsp-e.com/tcmspsearch.php?qr=Sinapis%20Semen&qsr=herb_en_name&token=ff2a4dfa4373a4dfe5a7a93e26adaf15	化痰药	Phlegresolving Medicine
金沸草 (Jinfeicao)	Inulae Herba	https://tcmsp-e.com/tcmspsearch.php?qr=Inulae%20Herba&qsr=herb_en_name&token=ff2a4dfa4373a4dfe5a7a93e26adaf15	化痰药	Phlegresolving Medicine
金果揽 (Jinguolan)	Tinosporae Radix	https://tcmsp-e.com/tcmspsearch.php?qr=Tinosporae%20Radix&qsr=herb_en_name&token=ff2a4dfa4373a4dfe5a7a93e26adaf15	清热解毒药	Antipyretic Detoxicate Drugs
金莲花 (Jinlianhua)	Trollius Chinensis	https://tcmsp-e.com/tcmspsearch.php?qr=Trollius%20Chinensis&qsr=herb_en_name&token=ff2a4dfa4373a4dfe5a7a93e26adaf15	清热解毒药	Antipyretic Detoxicate Drugs
金钱草 (Jinqiancao)	Lysimachiae Herba	https://tcmsp-e.com/tcmspsearch.php?qr=Lysimachiae%20Herba&qsr=herb_en_name&token=ff2a4dfa4373a4dfe5a7a93e26adaf15	利水渗湿药	Diuretic Dampness Excreting Drugs
金荞麦 (Jinqiaomai)	Rhizoma Fagopyri Cymosi	https://tcmsp-e.com/tcmspsearch.php?qr=Rhizoma%20Fagopyri%20Cymosi&qsr=herb_en_name&token=ff2a4dfa4373a4dfe5a7a93e26adaf15	清热解毒药	Antipyretic Detoxicate Drugs
金银花 (Jinyinhua)	Lonicerae Japonicae Flos	https://tcmsp-e.com/tcmspsearch.php?qr=Lonicerae%20Japonicae%20Flos&qsr=herb_en_name&token=ff2a4dfa4373a4dfe5a7a93e26adaf15	清热解毒药	Antipyretic Detoxicate Drugs
金樱子 (Jinyingzi)	Rosae Laevigatae Fructus	https://tcmsp-e.com/tcmspsearch.php?qr=Rosae%20Laevigatae%20Fructus&qsr=herb_en_name&token=ff2a4dfa4373a4dfe5a7a93e26adaf15	收涩药	Astringent Medicinal
金盏菊花 (Jinzhanjuhua)	Calendula Officinalis	https://tcmsp-e.com/tcmspsearch.php?qr=Calendula%20Officinalis&qsr=herb_en_name&token=ff2a4dfa4373a4dfe5a7a93e26adaf15	凉血止血药	Blood-Cooling Hemostatic Medicinal
锦灯笼 (Jindenglong)	Calyx Seu Fructus Physalis	https://tcmsp-e.com/tcmspsearch.php?qr=Calyx%20Seu%20Fructus%20Physalis&qsr=herb_en_name&token=ff2a4dfa4373a4dfe5a7a93e26adaf15	清热解毒药	Antipyretic Detoxicate Drugs
京大戟 (Jingdaji)	Radix Euphorbiae Pekinensis	https://tcmsp-e.com/tcmspsearch.php?qr=Radix%20Euphorbiae%20Pekinensis&qsr=herb_en_name&token=ff2a4dfa4373a4dfe5a7a93e26adaf15	通水药	Drastic Purgatives
荆芥 (Jingjie)	Schizonepetae Herba	https://tcmsp-e.com/tcmspsearch.php?qr=Schizonepetae%20Herba&qsr=herb_en_name&token=ff2a4dfa4373a4dfe5a7a93e26adaf15	辛温解表药	Pungent-Warm Exterior-Releasing Medicinal
荆芥穗 (Jingjiesui)	Schizonepetae Spica	https://tcmsp-e.com/tcmspsearch.php?qr=Schizonepetae%20Spica&qsr=herb_en_name&token=ff2a4dfa4373a4dfe5a7a93e26adaf15	辛温解表药	Pungent-Warm Exterior-Releasing Medicinal
景天三七 (Jintiansanqi)	Sedum Aizoon L.	https://tcmsp-e.com/tcmspsearch.php?qr=Sedum%20Aizoon%20L.&qsr=herb_en_name&token=ff2a4dfa4373a4dfe5a7a93e26adaf15	化瘀止血药	Stasis-Resolving Hemostatic Medicinal
韭菜子 (Jiucaizi)	Allii Tuberosi Semen	https://tcmsp-e.com/tcmspsearch.php?qr=Allii%20Tuberosi%20Semen&qsr=herb_en_name&token=ff2a4dfa4373a4dfe5a7a93e26adaf15	补阳药	Yang Reinforcing Drugs
桔梗 (Jiegeng)	Platycodon Grandiforus	https://tcmsp-e.com/tcmspsearch.php?qr=Platycodon%20Grandiforus&qsr=herb_en_name&token=ff2a4dfa4373a4dfe5a7a93e26adaf15	化痰药	Phlegresolving Medicine
菊花 (Juhua)	Chrysanthemi Flos	https://tcmsp-e.com/tcmspsearch.php?qr=Chrysanthemi%20Flos&qsr=herb_en_name&token=ff2a4dfa4373a4dfe5a7a93e26adaf15	辛凉解表药	Pungent Cool Diaphoretics
菊苣 (Juju)	Cichorii Radix	https://tcmsp-e.com/tcmspsearch.php?qr=Cichorii%20Radix&qsr=herb_en_name&token=ff2a4dfa4373a4dfe5a7a93e26adaf15	拔毒化腐生肌药	External Medicinal (Draw Out Toxin, Resolve Putridity)
橘核 (Juhe)	Citri Reticulatae Semen	https://tcmsp-e.com/tcmspsearch.php?qr=Citri%20Reticulatae%20Semen&qsr=herb_en_name&token=ff2a4dfa4373a4dfe5a7a93e26adaf15	理气药	Qi Regulating Drugs
橘红 (Juhong)	Citri Exocarpium Rubrum	https://tcmsp-e.com/tcmspsearch.php?qr=Citri%20Exocarpium%20Rubrum&qsr=herb_en_name&token=ff2a4dfa4373a4dfe5a7a93e26adaf15	理气药	Qi Regulating Drugs
橘络 (Juluo)	Citri Fructus Retinervus	https://tcmsp-e.com/tcmspsearch.php?qr=Citri%20Fructus%20Retinervus&qsr=herb_en_name&token=ff2a4dfa4373a4dfe5a7a93e26adaf15	理气药	Qi Regulating Drugs
橘叶 (Juye)	Citri Reticulatae Folium	https://tcmsp-e.com/tcmspsearch.php?qr=Citri%20Reticulatae%20Folium&qsr=herb_en_name&token=ff2a4dfa4373a4dfe5a7a93e26adaf15	理气药	Qi Regulating Drugs
卷柏 (Juanbai)	Herba Selaginellae Moellendorfii	https://tcmsp-e.com/tcmspsearch.php?qr=Herba%20Selaginellae%20Moellendorfii&qsr=herb_en_name&token=ff2a4dfa4373a4dfe5a7a93e26adaf15	化瘀止血药	Stasis-Resolving Hemostatic Medicinal
决明子 (Juemingzi)	Cassiae Semen	https://tcmsp-e.com/tcmspsearch.php?qr=Cassiae%20Semen&qsr=herb_en_name&token=ff2a4dfa4373a4dfe5a7a93e26adaf15	清热泻火药	Fire Purging Drugs
苦参 (Kushen)	Sophorae Flavescentis Radix	https://tcmsp-e.com/tcmspsearch.php?qr=Sophorae%20Flavescentis%20Radix&qsr=herb_en_name&token=ff2a4dfa4373a4dfe5a7a93e26adaf15	清热燥湿药	Heat-Clearing And Dampnessdrying Medicinal
苦地丁 (Kudiding)	Corydalis Bungeanae Herba	https://tcmsp-e.com/tcmspsearch.php?qr=Corydalis%20Bungeanae%20Herba&qsr=herb_en_name&token=ff2a4dfa4373a4dfe5a7a93e26adaf15	清热解毒药	Antipyretic Detoxicate Drugs
苦丁茶 (Kudingcha)	Ilicis Cornutae Folium Immayuri	https://tcmsp-e.com/tcmspsearch.php?qr=Ilicis%20Cornutae%20Folium%20Immayuri&qsr=herb_en_name&token=ff2a4dfa4373a4dfe5a7a93e26adaf15	清热泻火药	Fire Purging Drugs
苦楝皮 (Kulianpi)	Meliae Cortex	https://tcmsp-e.com/tcmspsearch.php?qr=Meliae%20Cortex&qsr=herb_en_name&token=ff2a4dfa4373a4dfe5a7a93e26adaf15	驱虫药	Antiparasitic Drugs
苦楝子 (Kulianzi)	Meliae Azedarach Fructus	https://tcmsp-e.com/tcmspsearch.php?qr=Meliae%20Azedarach%20Fructus&qsr=herb_en_name&token=ff2a4dfa4373a4dfe5a7a93e26adaf15	驱虫药	Antiparasitic Drugs
苦杏仁 (Kuxingren)	Amygdalus Communis Vas	https://tcmsp-e.com/tcmspsearch.php?qr=Amygdalus%20Communis%20Vas&qsr=herb_en_name&token=ff2a4dfa4373a4dfe5a7a93e26adaf15	止咳平喘药	Antitussive Antiasthmetics
款冬花 (Kuandonghua)	Farfarae Flos	https://tcmsp-e.com/tcmspsearch.php?qr=Farfarae%20Flos&qsr=herb_en_name&token=ff2a4dfa4373a4dfe5a7a93e26adaf15	止咳平喘药	Antitussive Antiasthmetics
昆布 (Kunbu)	Thalluslaminariae	https://tcmsp-e.com/tcmspsearch.php?qr=Thalluslaminariae&qsr=herb_en_name&token=ff2a4dfa4373a4dfe5a7a93e26adaf15	化痰药	Phlegresolving Medicine
辣椒 (Lajiao)	Capsici Fructus	https://tcmsp-e.com/tcmspsearch.php?qr=Capsici%20Fructus&qsr=herb_en_name&token=ff2a4dfa4373a4dfe5a7a93e26adaf15	拔毒化腐生肌药	External Medicinal (Draw Out Toxin, Resolve Putridity)
莱菔子 (Laifuzi)	Raphani Semen	https://tcmsp-e.com/tcmspsearch.php?qr=Raphani%20Semen&qsr=herb_en_name&token=ff2a4dfa4373a4dfe5a7a93e26adaf15	消食药	Digestants
老鹳草 (Laoguancao)	Geranium Wilfordii Maxim.	https://tcmsp-e.com/tcmspsearch.php?qr=Geranium%20Wilfordii%20Maxim.&qsr=herb_en_name&token=ff2a4dfa4373a4dfe5a7a93e26adaf15	祛风湿散寒药	Wind-Dampnessdispelling And Colddispersing Medicinal
了哥王根 (Liaogewanggen)	Wikstroemiae Indicae Rasix	https://tcmsp-e.com/tcmspsearch.php?qr=Wikstroemiae%20Indicae%20Rasix&qsr=herb_en_name&token=ff2a4dfa4373a4dfe5a7a93e26adaf15	清热解毒药	Antipyretic Detoxicate Drugs
雷公藤 (Leigongteng)	Tripterygii Radix	https://tcmsp-e.com/tcmspsearch.php?qr=Tripterygii%20Radix&qsr=herb_en_name&token=ff2a4dfa4373a4dfe5a7a93e26adaf15	祛风湿散寒药	Wind-Dampnessdispelling And Colddispersing Medicinal
雷丸 (Leiwan)	Omphalia	https://tcmsp-e.com/tcmspsearch.php?qr=Omphalia&qsr=herb_en_name&token=ff2a4dfa4373a4dfe5a7a93e26adaf15	驱虫药	Antiparasitic Drugs
荔枝核 (Lizhihe)	Litchi Semen	https://tcmsp-e.com/tcmspsearch.php?qr=Litchi%20Semen&qsr=herb_en_name&token=ff2a4dfa4373a4dfe5a7a93e26adaf15	理气药	Qi Regulating Drugs
连钱草 (Lianqiancao)	Glechomae Herba	https://tcmsp-e.com/tcmspsearch.php?qr=Glechomae%20Herba&qsr=herb_en_name&token=ff2a4dfa4373a4dfe5a7a93e26adaf15	利水渗湿药	Diuretic Dampness Excreting Drugs
连翘 (Lianqiao)	Forsythiae Fructus	https://tcmsp-e.com/tcmspsearch.php?qr=Forsythiae%20Fructus&qsr=herb_en_name&token=ff2a4dfa4373a4dfe5a7a93e26adaf15	清热解毒药	Antipyretic Detoxicate Drugs
莲房 (Lianfang)	Receptaculum Nelumbinis	https://tcmsp-e.com/tcmspsearch.php?qr=Receptaculum%20Nelumbinis&qsr=herb_en_name&token=ff2a4dfa4373a4dfe5a7a93e26adaf15	收敛止血药	Astringent Hemostatic Medicinal
莲须 (Lianxu)	Nelumbinis Stamen	https://tcmsp-e.com/tcmspsearch.php?qr=Nelumbinis%20Stamen&qsr=herb_en_name&token=ff2a4dfa4373a4dfe5a7a93e26adaf15	收涩药	Astringent Medicinal
莲子心 (Lianzixin)	Nelumbinis Plumula	https://tcmsp-e.com/tcmspsearch.php?qr=Nelumbinis%20Plumula&qsr=herb_en_name&token=ff2a4dfa4373a4dfe5a7a93e26adaf15	收涩药	Astringent Medicinal
两面针 (Liangmianzhen)	Zanthoxylum Nitidum	https://tcmsp-e.com/tcmspsearch.php?qr=Zanthoxylum%20Nitidum&qsr=herb_en_name&token=ff2a4dfa4373a4dfe5a7a93e26adaf15	祛风湿散寒药	Wind-Dampnessdispelling And Colddispersing Medicinal
两头尖 (Liangtoujian)	Rhizoma Anemones Raddeanae	https://tcmsp-e.com/tcmspsearch.php?qr=Rhizoma%20Anemones%20Raddeanae&qsr=herb_en_name&token=ff2a4dfa4373a4dfe5a7a93e26adaf15	祛风湿散寒药	Wind-Dampnessdispelling And Colddispersing Medicinal
蓼大青叶 (Liaodaqingye)	Polygoni Tinctorii Foliu	https://tcmsp-e.com/tcmspsearch.php?qr=Polygoni%20Tinctorii%20Foliu&qsr=herb_en_name&token=ff2a4dfa4373a4dfe5a7a93e26adaf15	清热解毒药	Antipyretic Detoxicate Drugs
灵芝 (Lingzhi)	Ganoderma	https://tcmsp-e.com/tcmspsearch.php?qr=Ganoderma&qsr=herb_en_name&token=ff2a4dfa4373a4dfe5a7a93e26adaf15	补气药	Qi Reinforcing Drugs
凌霄花 (Lingxiaohua)	Campsis Flos	https://tcmsp-e.com/tcmspsearch.php?qr=Campsis%20Flos&qsr=herb_en_name&token=ff2a4dfa4373a4dfe5a7a93e26adaf15	活血祛瘀药	Blood Activating Stasis Removing Drugs
零陵香 (Linglingxiang)	Lysimachiae Foenigraeci Herba	https://tcmsp-e.com/tcmspsearch.php?qr=Lysimachiae%20Foenigraeci%20Herba&qsr=herb_en_name&token=ff2a4dfa4373a4dfe5a7a93e26adaf15	辛温解表药	Pungent-Warm Exterior-Releasing Medicinal
龙胆 (Longdan)	Gentianae Radix Et Rhozima	https://tcmsp-e.com/tcmspsearch.php?qr=Gentianae%20Radix%20Et%20Rhozima&qsr=herb_en_name&token=ff2a4dfa4373a4dfe5a7a93e26adaf15	清热燥湿药	Heat-Clearing And Dampnessdrying Medicinal
龙葵 (Longkui)	Solanum Nigrum Linn.	https://tcmsp-e.com/tcmspsearch.php?qr=Solanum%20Nigrum%20Linn.&qsr=herb_en_name&token=ff2a4dfa4373a4dfe5a7a93e26adaf15	清热解毒药	Antipyretic Detoxicate Drugs
龙脷叶 (Longliye)	Aauropi Folium	https://tcmsp-e.com/tcmspsearch.php?qr=Aauropi%20Folium&qsr=herb_en_name&token=ff2a4dfa4373a4dfe5a7a93e26adaf15	拔毒化腐生肌药	External Medicinal (Draw Out Toxin, Resolve Putridity)
漏芦 (Loulu)	Rhapontici Radix	https://tcmsp-e.com/tcmspsearch.php?qr=Rhapontici%20Radix&qsr=herb_en_name&token=ff2a4dfa4373a4dfe5a7a93e26adaf15	清热解毒药	Antipyretic Detoxicate Drugs
芦根 (Lugen)	Phragmitis Rhizoma	https://tcmsp-e.com/tcmspsearch.php?qr=Phragmitis%20Rhizoma&qsr=herb_en_name&token=ff2a4dfa4373a4dfe5a7a93e26adaf15	清热泻火药	Fire Purging Drugs
芦荟 (Luhui)	Aloe	https://tcmsp-e.com/tcmspsearch.php?qr=Aloe&qsr=herb_en_name&token=ff2a4dfa4373a4dfe5a7a93e26adaf15	攻下药	Offensive Purgative Medicinal
鹿衔草 (Luxiancao)	Herba Pyrolae	https://tcmsp-e.com/tcmspsearch.php?qr=Herba%20Pyrolae&qsr=herb_en_name&token=ff2a4dfa4373a4dfe5a7a93e26adaf15	祛风湿散寒药	Wind-Dampnessdispelling And Colddispersing Medicinal
路路通 (Lulutong)	Fructuslipuidambaris	https://tcmsp-e.com/tcmspsearch.php?qr=Fructuslipuidambaris&qsr=herb_en_name&token=ff2a4dfa4373a4dfe5a7a93e26adaf15	祛风湿散寒药	Wind-Dampnessdispelling And Colddispersing Medicinal
罗布麻叶 (Luobumaye)	Apocyniveneti Folium	https://tcmsp-e.com/tcmspsearch.php?qr=Apocyniveneti%20Folium&qsr=herb_en_name&token=ff2a4dfa4373a4dfe5a7a93e26adaf15	平肝熄风药	Liver-Pacifying Wind-Extinguishing Medicinal
罗汉果 (Luohanguo)	Momordicae Fructus	https://tcmsp-e.com/tcmspsearch.php?qr=Momordicae%20Fructus&qsr=herb_en_name&token=ff2a4dfa4373a4dfe5a7a93e26adaf15	化痰药	Phlegresolving Medicine
络石藤 (Luoshiteng)	Trachelospermumjasminoides	https://tcmsp-e.com/tcmspsearch.php?qr=Trachelospermumjasminoides&qsr=herb_en_name&token=ff2a4dfa4373a4dfe5a7a93e26adaf15	祛风湿清热药	Wind-Dampnessdispelling And Heatclearing Medicinal
绿豆 (Lvdou)	Vigna Radiata	https://tcmsp-e.com/tcmspsearch.php?qr=Vigna%20Radiata&qsr=herb_en_name&token=ff2a4dfa4373a4dfe5a7a93e26adaf15	清热解毒药	Antipyretic Detoxicate Drugs
葎草 (Lvcao)	Humulus Scandens (Lour.) Merr.	https://tcmsp-e.com/tcmspsearch.php?qr=Humulus%20Scandens%20(Lour.)%20Merr.&qsr=herb_en_name&token=ff2a4dfa4373a4dfe5a7a93e26adaf15	清热解毒药	Antipyretic Detoxicate Drugs
麻黄 (Mahuang)	Ephedra Herba	https://tcmsp-e.com/tcmspsearch.php?qr=Ephedra%20Herba&qsr=herb_en_name&token=ff2a4dfa4373a4dfe5a7a93e26adaf15	辛温解表药	Pungent-Warm Exterior-Releasing Medicinal
麻黄根 (Mahuanggen)	Ephedrae Radix Et Rhizoma	https://tcmsp-e.com/tcmspsearch.php?qr=Ephedrae%20Radix%20Et%20Rhizoma&qsr=herb_en_name&token=ff2a4dfa4373a4dfe5a7a93e26adaf15	收涩药	Astringent Medicinal
马鞭草 (Mabiancao)	Verbenae Herb	https://tcmsp-e.com/tcmspsearch.php?qr=Verbenae%20Herb&qsr=herb_en_name&token=ff2a4dfa4373a4dfe5a7a93e26adaf15	活血祛瘀药	Blood Activating Stasis Removing Drugs
马勃 (Mabo)	Lasiosphaera Seu Calvatia	https://tcmsp-e.com/tcmspsearch.php?qr=Lasiosphaera%20Seu%20Calvatia&qsr=herb_en_name&token=ff2a4dfa4373a4dfe5a7a93e26adaf15	清热解毒药	Antipyretic Detoxicate Drugs
马齿苋 (Machixian)	Portulacae Herba	https://tcmsp-e.com/tcmspsearch.php?qr=Portulacae%20Herba&qsr=herb_en_name&token=ff2a4dfa4373a4dfe5a7a93e26adaf15	清热解毒药	Antipyretic Detoxicate Drugs
马兜铃 (Madouling)	Aristolochiae Fructus	https://tcmsp-e.com/tcmspsearch.php?qr=Aristolochiae%20Fructus&qsr=herb_en_name&token=ff2a4dfa4373a4dfe5a7a93e26adaf15	止咳平喘药	Antitussive Antiasthmetics
马钱子 (Maqianzi)	Strychni Semen	https://tcmsp-e.com/tcmspsearch.php?qr=Strychni%20Semen&qsr=herb_en_name&token=ff2a4dfa4373a4dfe5a7a93e26adaf15	祛风湿散寒药	Wind-Dampnessdispelling And Colddispersing Medicinal
马尾莲 (Maweilian)	Thalictri Glandulosissimi Et	https://tcmsp-e.com/tcmspsearch.php?qr=Thalictri%20Glandulosissimi%20Et&qsr=herb_en_name&token=ff2a4dfa4373a4dfe5a7a93e26adaf15	清热燥湿药	Heat-Clearing And Dampnessdrying Medicinal
麦芽 (Maiya)	Hordei Fructus Germinatus	https://tcmsp-e.com/tcmspsearch.php?qr=Hordei%20Fructus%20Germinatus&qsr=herb_en_name&token=ff2a4dfa4373a4dfe5a7a93e26adaf15	消食药	Digestants
满山红 (Manshanhong)	Rhododendri Daurici Folium	https://tcmsp-e.com/tcmspsearch.php?qr=Rhododendri%20Daurici%20Folium&qsr=herb_en_name&token=ff2a4dfa4373a4dfe5a7a93e26adaf15	止咳平喘药	Antitussive Antiasthmetics
蔓荆子 (Manjingzi)	Viticis Fructus	https://tcmsp-e.com/tcmspsearch.php?qr=Viticis%20Fructus&qsr=herb_en_name&token=ff2a4dfa4373a4dfe5a7a93e26adaf15	辛凉解表药	Pungent Cool Diaphoretics
猫眼草 (Maoyancao)	Lunulatae Herba	https://tcmsp-e.com/tcmspsearch.php?qr=Lunulatae%20Herba&qsr=herb_en_name&token=ff2a4dfa4373a4dfe5a7a93e26adaf15	化痰药	Phlegresolving Medicine
猫爪草 (Maozhaocao)	Ranunculi Ternati Radix	https://tcmsp-e.com/tcmspsearch.php?qr=Ranunculi%20Ternati%20Radix&qsr=herb_en_name&token=ff2a4dfa4373a4dfe5a7a93e26adaf15	清热解毒药	Antipyretic Detoxicate Drugs
没药 (Moyao)	Myrrha	https://tcmsp-e.com/tcmspsearch.php?qr=Myrrha&qsr=herb_en_name&token=ff2a4dfa4373a4dfe5a7a93e26adaf15	活血祛瘀药	Blood Activating Stasis Removing Drugs
玫瑰花 (Meiguihua)	Rose Rugosae Flos	https://tcmsp-e.com/tcmspsearch.php?qr=Rose%20Rugosae%20Flos&qsr=herb_en_name&token=ff2a4dfa4373a4dfe5a7a93e26adaf15	理气药	Qi Regulating Drugs
梅花 (Meihua)	Mume Flos	https://tcmsp-e.com/tcmspsearch.php?qr=Mume%20Flos&qsr=herb_en_name&token=ff2a4dfa4373a4dfe5a7a93e26adaf15	理气药	Qi Regulating Drugs
猕猴桃根 (Mihoutaogen)	Actinidia Chinensis Planch	https://tcmsp-e.com/tcmspsearch.php?qr=Actinidia%20Chinensis%20Planch&qsr=herb_en_name&token=ff2a4dfa4373a4dfe5a7a93e26adaf15	清热解毒药	Antipyretic Detoxicate Drugs
密蒙花 (Mimenghua)	Buddlejae Flos	https://tcmsp-e.com/tcmspsearch.php?qr=Buddlejae%20Flos&qsr=herb_en_name&token=ff2a4dfa4373a4dfe5a7a93e26adaf15	清热泻火药	Fire Purging Drugs
绵萆薢 (Mianbixie)	Dioscoreae Septemlo Bae Rhizoma	https://tcmsp-e.com/tcmspsearch.php?qr=Dioscoreae%20Septemlo%20Bae%20Rhizoma&qsr=herb_en_name&token=ff2a4dfa4373a4dfe5a7a93e26adaf15	利水渗湿药	Diuretic Dampness Excreting Drugs
墨旱莲 (Mohanlian)	Ecliptae Herba	https://tcmsp-e.com/tcmspsearch.php?qr=Ecliptae%20Herba&qsr=herb_en_name&token=ff2a4dfa4373a4dfe5a7a93e26adaf15	补阴药	Yin-Tonifying Medicinal
牡丹皮 (Mudanpi)	Cortex Moutan	https://tcmsp-e.com/tcmspsearch.php?qr=Cortex%20Moutan&qsr=herb_en_name&token=ff2a4dfa4373a4dfe5a7a93e26adaf15	清热凉血药	Heat Clearing Blood Cooling Drugs
牡荆叶 (Mujingye)	Viticis Negundo Folium	https://tcmsp-e.com/tcmspsearch.php?qr=Viticis%20Negundo%20Folium&qsr=herb_en_name&token=ff2a4dfa4373a4dfe5a7a93e26adaf15	辛凉解表药	Pungent Cool Diaphoretics
牡荆子 (Mujingzi)	Viticis Cannabifoliae Fructus	https://tcmsp-e.com/tcmspsearch.php?qr=Viticis%20Cannabifoliae%20Fructus&qsr=herb_en_name&token=ff2a4dfa4373a4dfe5a7a93e26adaf15	止咳平喘药	Antitussive Antiasthmetics
木鳖子 (Mubiezi)	Momordicae Semen	https://tcmsp-e.com/tcmspsearch.php?qr=Momordicae%20Semen&qsr=herb_en_name&token=ff2a4dfa4373a4dfe5a7a93e26adaf15	拔毒化腐生肌药	External Medicinal (Draw Out Toxin, Resolve Putridity)
木瓜 (Mugau)	Chaenomeles Sinensis (Thouin) Koehne	https://tcmsp-e.com/tcmspsearch.php?qr=Chaenomeles%20Sinensis%20(Thouin)%20Koehne&qsr=herb_en_name&token=ff2a4dfa4373a4dfe5a7a93e26adaf15	祛风湿散寒药	Wind-Dampnessdispelling And Colddispersing Medicinal
木蝴蝶 (Muhudie)	Oroxyli Semen	https://tcmsp-e.com/tcmspsearch.php?qr=Oroxyli%20Semen&qsr=herb_en_name&token=ff2a4dfa4373a4dfe5a7a93e26adaf15	清热解毒药	Antipyretic Detoxicate Drugs
木棉花 (Mumianhua)	Gossampiniflos	https://tcmsp-e.com/tcmspsearch.php?qr=Gossampiniflos&qsr=herb_en_name&token=ff2a4dfa4373a4dfe5a7a93e26adaf15	拔毒化腐生肌药	External Medicinal (Draw Out Toxin, Resolve Putridity)
木通 (Mutong)	Caulis Akebiae	https://tcmsp-e.com/tcmspsearch.php?qr=Caulis%20Akebiae&qsr=herb_en_name&token=ff2a4dfa4373a4dfe5a7a93e26adaf15	利水渗湿药	Diuretic Dampness Excreting Drugs
木香 (Muxiang)	Aucklandiae Radix	https://tcmsp-e.com/tcmspsearch.php?qr=Aucklandiae%20Radix&qsr=herb_en_name&token=ff2a4dfa4373a4dfe5a7a93e26adaf15	理气药	Qi Regulating Drugs
木贼 (Muzei)	Equiseti Hiemalis Herba	https://tcmsp-e.com/tcmspsearch.php?qr=Equiseti%20Hiemalis%20Herba&qsr=herb_en_name&token=ff2a4dfa4373a4dfe5a7a93e26adaf15	辛凉解表药	Pungent Cool Diaphoretics
墓头回 (Mutouhui)	Et Radix Patriniae Rhizoma	https://tcmsp-e.com/tcmspsearch.php?qr=Et%20Radix%20Patriniae%20Rhizoma&qsr=herb_en_name&token=ff2a4dfa4373a4dfe5a7a93e26adaf15	清热解毒药	Antipyretic Detoxicate Drugs
南瓜子 (Nanguazi)	Cucurbitae Moschatae Semen	https://tcmsp-e.com/tcmspsearch.php?qr=Cucurbitae%20Moschatae%20Semen&qsr=herb_en_name&token=ff2a4dfa4373a4dfe5a7a93e26adaf15	驱虫药	Antiparasitic Drugs
南鹤虱 (Nanheshi)	Fructus Carotae	https://tcmsp-e.com/tcmspsearch.php?qr=Fructus%20Carotae&qsr=herb_en_name&token=ff2a4dfa4373a4dfe5a7a93e26adaf15	驱虫药	Antiparasitic Drugs
南沙参 (Nanshashen)	Adenophprae Ae Radix	https://tcmsp-e.com/tcmspsearch.php?qr=Adenophprae%20Ae%20Radix&qsr=herb_en_name&token=ff2a4dfa4373a4dfe5a7a93e26adaf15	补阴药	Yin-Tonifying Medicinal
南蛇藤果 (Nanshetengguo)	Celastri Orbiculati Fructus	https://tcmsp-e.com/tcmspsearch.php?qr=Celastri%20Orbiculati%20Fructus&qsr=herb_en_name&token=ff2a4dfa4373a4dfe5a7a93e26adaf15	安神药	Tranguilizing Medicinal
南五味子 (Nawuweizi)	Schisandrae Sphenantherae Fructus	https://tcmsp-e.com/tcmspsearch.php?qr=Schisandrae%20Sphenantherae%20Fructus&qsr=herb_en_name&token=ff2a4dfa4373a4dfe5a7a93e26adaf15	收涩药	Astringent Medicinal
闹羊花 (Naoyanghua)	Rhododendronmolle	https://tcmsp-e.com/tcmspsearch.php?qr=Rhododendronmolle&qsr=herb_en_name&token=ff2a4dfa4373a4dfe5a7a93e26adaf15	祛风湿散寒药	Wind-Dampnessdispelling And Colddispersing Medicinal
牛蒡子 (Niubangzi)	Fructus Arctii	https://tcmsp-e.com/tcmspsearch.php?qr=Fructus%20Arctii&qsr=herb_en_name&token=ff2a4dfa4373a4dfe5a7a93e26adaf15	辛凉解表药	Pungent Cool Diaphoretics
牛大力 (Niudali)	Millettiae Speciosae Radix	https://tcmsp-e.com/tcmspsearch.php?qr=Millettiae%20Speciosae%20Radix&qsr=herb_en_name&token=ff2a4dfa4373a4dfe5a7a93e26adaf15	止咳平喘药	Antitussive Antiasthmetics
牛黄 (Niuhuang)	Bovis Calculus	https://tcmsp-e.com/tcmspsearch.php?qr=Bovis%20Calculus&qsr=herb_en_name&token=ff2a4dfa4373a4dfe5a7a93e26adaf15	开窍药	Resuscitative Stimulant; Resuscitative Medicinal
牛膝 (Niuxi)	Achyranthis Bidentatae Radix	https://tcmsp-e.com/tcmspsearch.php?qr=Achyranthis%20Bidentatae%20Radix&qsr=herb_en_name&token=ff2a4dfa4373a4dfe5a7a93e26adaf15	活血祛瘀药	Blood Activating Stasis Removing Drugs
糯稻根 (Nuodaogen)	Oryzae Glutinosae Radix	https://tcmsp-e.com/tcmspsearch.php?qr=Oryzae%20Glutinosae%20Radix&qsr=herb_en_name&token=ff2a4dfa4373a4dfe5a7a93e26adaf15	收涩药	Astringent Medicinal
女贞子 (Nvzhenzi)	Fructus Ligustri Lucidi	https://tcmsp-e.com/tcmspsearch.php?qr=Fructus%20Ligustri%20Lucidi&qsr=herb_en_name&token=ff2a4dfa4373a4dfe5a7a93e26adaf15	补阴药	Yin-Tonifying Medicinal
藕节 (Oujie)	Nodus Nelumbinis Rhizomatis	https://tcmsp-e.com/tcmspsearch.php?qr=Nodus%20Nelumbinis%20Rhizomatis&qsr=herb_en_name&token=ff2a4dfa4373a4dfe5a7a93e26adaf15	收敛止血药	Astringent Hemostatic Medicinal
胖大海 (Pangdahai)	Sterculiae Lychnophorae Semen	https://tcmsp-e.com/tcmspsearch.php?qr=Sterculiae%20Lychnophorae%20Semen&qsr=herb_en_name&token=ff2a4dfa4373a4dfe5a7a93e26adaf15	化痰药	Phlegresolving Medicine
佩兰 (Peilan)	Eupatorium Fortunei Turcz	https://tcmsp-e.com/tcmspsearch.php?qr=Eupatorium%20Fortunei%20Turcz&qsr=herb_en_name&token=ff2a4dfa4373a4dfe5a7a93e26adaf15	化湿药	Dampness Removing Drugs
枇杷叶 (Pipaye)	Eriobotryae Folium	https://tcmsp-e.com/tcmspsearch.php?qr=Eriobotryae%20Folium&qsr=herb_en_name&token=ff2a4dfa4373a4dfe5a7a93e26adaf15	止咳平喘药	Antitussive Antiasthmetics
平贝母 (Pingbeimu)	Fritillariaeussuriensis Bulbus	https://tcmsp-e.com/tcmspsearch.php?qr=Fritillariaeussuriensis%20Bulbus&qsr=herb_en_name&token=ff2a4dfa4373a4dfe5a7a93e26adaf15	化痰药	Phlegresolving Medicine
蒲黄 (Puhuang)	Pollen Typhae	https://tcmsp-e.com/tcmspsearch.php?qr=Pollen%20Typhae&qsr=herb_en_name&token=ff2a4dfa4373a4dfe5a7a93e26adaf15	化瘀止血药	Stasis-Resolving Hemostatic Medicinal
荠菜 (Jicai)	Capsellae Herba	https://tcmsp-e.com/tcmspsearch.php?qr=Capsellae%20Herba&qsr=herb_en_name&token=ff2a4dfa4373a4dfe5a7a93e26adaf15	利水渗湿药	Diuretic Dampness Excreting Drugs
千斤拔 (Qianjinba)	Flemingia Prostrata Roxb	https://tcmsp-e.com/tcmspsearch.php?qr=Flemingia%20Prostrata%20Roxb&qsr=herb_en_name&token=ff2a4dfa4373a4dfe5a7a93e26adaf15	祛风湿筋骨药	Wind-Damp-Dispelling And Sinew-Bone-Strengthening Medicinal
千金子 (Qianjinzi)	Semen Euphorbiae	https://tcmsp-e.com/tcmspsearch.php?qr=Semen%20Euphorbiae&qsr=herb_en_name&token=ff2a4dfa4373a4dfe5a7a93e26adaf15	通水药	Drastic Purgatives
千年健 (Qiannianjian)	Homalomena Occulta (Lour.) Schott	https://tcmsp-e.com/tcmspsearch.php?qr=Homalomena%20Occulta%20(Lour.)%20Schott&qsr=herb_en_name&token=ff2a4dfa4373a4dfe5a7a93e26adaf15	祛风湿筋骨药	Wind-Damp-Dispelling And Sinew-Bone-Strengthening Medicinal
千日红 (Qianrihong)	Gomphrenae Globosae Flos Seu Herba	https://tcmsp-e.com/tcmspsearch.php?qr=Gomphrenae%20Globosae%20Flos%20Seu%20Herba&qsr=herb_en_name&token=ff2a4dfa4373a4dfe5a7a93e26adaf15	止咳平喘药	Antitussive Antiasthmetics
牵牛子 (Qianniuzi)	Semen Pharbitidis	https://tcmsp-e.com/tcmspsearch.php?qr=Semen%20Pharbitidis&qsr=herb_en_name&token=ff2a4dfa4373a4dfe5a7a93e26adaf15	通水药	Drastic Purgatives
前胡 (Qianhu)	Peucedani Radix	https://tcmsp-e.com/tcmspsearch.php?qr=Peucedani%20Radix&qsr=herb_en_name&token=ff2a4dfa4373a4dfe5a7a93e26adaf15	化痰药	Phlegresolving Medicine
芡实 (Qianshi)	Euryales Semen	https://tcmsp-e.com/tcmspsearch.php?qr=Euryales%20Semen&qsr=herb_en_name&token=ff2a4dfa4373a4dfe5a7a93e26adaf15	收涩药	Astringent Medicinal
茜草 (Qiancao)	Rubia Cordifolia	https://tcmsp-e.com/tcmspsearch.php?qr=Rubia%20Cordifolia&qsr=herb_en_name&token=ff2a4dfa4373a4dfe5a7a93e26adaf15	化瘀止血药	Stasis-Resolving Hemostatic Medicinal
羌活 (Qianghuo)	Notopterygii Rhizoma Et Radix	https://tcmsp-e.com/tcmspsearch.php?qr=Notopterygii%20Rhizoma%20Et%20Radix&qsr=herb_en_name&token=ff2a4dfa4373a4dfe5a7a93e26adaf15	辛温解表药	Pungent-Warm Exterior-Releasing Medicinal
茄根 (Qiegeng)	Solanum Melongena L	https://tcmsp-e.com/tcmspsearch.php?qr=Solanum%20Melongena%20L&qsr=herb_en_name&token=ff2a4dfa4373a4dfe5a7a93e26adaf15	祛风湿清热药	Wind-Dampnessdispelling And Heatclearing Medicinal
秦艽 (Qinjia)	Gentiana Macrophylla Pall	https://tcmsp-e.com/tcmspsearch.php?qr=Gentiana%20Macrophylla%20Pall&qsr=herb_en_name&token=ff2a4dfa4373a4dfe5a7a93e26adaf15	祛风湿清热药	Wind-Dampnessdispelling And Heatclearing Medicinal
秦皮 (Qinpi)	Fraxini Cortex	https://tcmsp-e.com/tcmspsearch.php?qr=Fraxini%20Cortex&qsr=herb_en_name&token=ff2a4dfa4373a4dfe5a7a93e26adaf15	清热燥湿药	Heat-Clearing And Dampnessdrying Medicinal
青黛 (Qingdai)	Indigo Naturalis	https://tcmsp-e.com/tcmspsearch.php?qr=Indigo%20Naturalis&qsr=herb_en_name&token=ff2a4dfa4373a4dfe5a7a93e26adaf15	清热解毒药	Antipyretic Detoxicate Drugs
青风藤 (Qingfengteng)	Caulis Sinomenii	https://tcmsp-e.com/tcmspsearch.php?qr=Caulis%20Sinomenii&qsr=herb_en_name&token=ff2a4dfa4373a4dfe5a7a93e26adaf15	祛风湿散寒药	Wind-Dampnessdispelling And Colddispersing Medicinal
青果 (Qingguo)	Canarii Fructus	https://tcmsp-e.com/tcmspsearch.php?qr=Canarii%20Fructus&qsr=herb_en_name&token=ff2a4dfa4373a4dfe5a7a93e26adaf15	清热解毒药	Antipyretic Detoxicate Drugs
青蒿 (Qinghao)	Artemisia Annua L.	https://tcmsp-e.com/tcmspsearch.php?qr=Artemisia%20Annua%20L.&qsr=herb_en_name&token=ff2a4dfa4373a4dfe5a7a93e26adaf15	清虚热药	Asthenic Heat Dispelling Drugs
青皮 (Qingpi)	Citri Reticulatae Pericarpium Viride	https://tcmsp-e.com/tcmspsearch.php?qr=Citri%20Reticulatae%20Pericarpium%20Viride&qsr=herb_en_name&token=ff2a4dfa4373a4dfe5a7a93e26adaf15	理气药	Qi Regulating Drugs
青葙子 (Qingxiangzi)	Celosiae Semen	https://tcmsp-e.com/tcmspsearch.php?qr=Celosiae%20Semen&qsr=herb_en_name&token=ff2a4dfa4373a4dfe5a7a93e26adaf15	清热泻火药	Fire Purging Drugs
青叶胆 (Qingyedan)	Swertiae Mileensis Herba	https://tcmsp-e.com/tcmspsearch.php?qr=Swertiae%20Mileensis%20Herba&qsr=herb_en_name&token=ff2a4dfa4373a4dfe5a7a93e26adaf15	利水渗湿药	Diuretic Dampness Excreting Drugs
苘麻子 (Qingmazi)	Abutili Semen	https://tcmsp-e.com/tcmspsearch.php?qr=Abutili%20Semen&qsr=herb_en_name&token=ff2a4dfa4373a4dfe5a7a93e26adaf15	利水渗湿药	Diuretic Dampness Excreting Drugs
瞿麦 (Qumai)	Dianthi Herba	https://tcmsp-e.com/tcmspsearch.php?qr=Dianthi%20Herba&qsr=herb_en_name&token=ff2a4dfa4373a4dfe5a7a93e26adaf15	利水渗湿药	Diuretic Dampness Excreting Drugs
拳参 (Quanshen)	Bistortae Rhizoma	https://tcmsp-e.com/tcmspsearch.php?qr=Bistortae%20Rhizoma&qsr=herb_en_name&token=ff2a4dfa4373a4dfe5a7a93e26adaf15	清热解毒药	Antipyretic Detoxicate Drugs
人参 (Renshen)	Panax Ginseng C. A. Mey.	https://tcmsp-e.com/tcmspsearch.php?qr=Panax%20Ginseng%20C.%20A.%20Mey.&qsr=herb_en_name&token=ff2a4dfa4373a4dfe5a7a93e26adaf15	补气药	Qi Reinforcing Drugs
人参叶 (Renshenye)	Ginseng Folium	https://tcmsp-e.com/tcmspsearch.php?qr=Ginseng%20Folium&qsr=herb_en_name&token=ff2a4dfa4373a4dfe5a7a93e26adaf15	补气药	Qi Reinforcing Drugs
肉苁蓉 (Roucongrong)	Cistanches Herba	https://tcmsp-e.com/tcmspsearch.php?qr=Cistanches%20Herba&qsr=herb_en_name&token=ff2a4dfa4373a4dfe5a7a93e26adaf15	补阳药	Yang Reinforcing Drugs
肉豆蔻 (Roudoukou)	Myristicae Semen	https://tcmsp-e.com/tcmspsearch.php?qr=Myristicae%20Semen&qsr=herb_en_name&token=ff2a4dfa4373a4dfe5a7a93e26adaf15	收涩药	Astringent Medicinal
肉桂 (Rougui)	Cinnanmomi Cortex	https://tcmsp-e.com/tcmspsearch.php?qr=Cinnanmomi%20Cortex&qsr=herb_en_name&token=ff2a4dfa4373a4dfe5a7a93e26adaf15	温里药	Warming Interior Drugs
乳香 (Ruxiang)	Olibanun	https://tcmsp-e.com/tcmspsearch.php?qr=Olibanun&qsr=herb_en_name&token=ff2a4dfa4373a4dfe5a7a93e26adaf15	活血祛瘀药	Blood Activating Stasis Removing Drugs
蕤仁 (Ruiren)	Prinsepiae Nux	https://tcmsp-e.com/tcmspsearch.php?qr=Prinsepiae%20Nux&qsr=herb_en_name&token=ff2a4dfa4373a4dfe5a7a93e26adaf15	辛凉解表药	Pungent Cool Diaphoretics
三白草 (Sanbaicao)	Saururi Herba	https://tcmsp-e.com/tcmspsearch.php?qr=Saururi%20Herba&qsr=herb_en_name&token=ff2a4dfa4373a4dfe5a7a93e26adaf15	利水渗湿药	Diuretic Dampness Excreting Drugs
三分三 (Sanfensan)	Anisodus Acutangulus C. Y. Wu Et C .Chen Ex C. Che	https://tcmsp-e.com/tcmspsearch.php?qr=Anisodus%20Acutangulus%20C.%20Y.%20Wu%20Et%20C%20.Chen%20Ex%20C.%20Che&qsr=herb_en_name&token=ff2a4dfa4373a4dfe5a7a93e26adaf15	祛风湿散寒药	Wind-Dampnessdispelling And Colddispersing Medicinal
三棱 (Sanleng)	Sparganii Rhizoma	https://tcmsp-e.com/tcmspsearch.php?qr=Sparganii%20Rhizoma&qsr=herb_en_name&token=ff2a4dfa4373a4dfe5a7a93e26adaf15	活血祛瘀药	Blood Activating Stasis Removing Drugs
三七 (Sanqi)	Panax Notoginseng (Burk.) F. H. Chen Ex C. Chow	https://tcmsp-e.com/tcmspsearch.php?qr=Panax%20Notoginseng%20(Burk.)%20F.%20H.%20Chen%20Ex%20C.%20Chow&qsr=herb_en_name&token=ff2a4dfa4373a4dfe5a7a93e26adaf15	化瘀止血药	Stasis-Resolving Hemostatic Medicinal
三七花 (Sanqihua)	Notoginseng Flos	https://tcmsp-e.com/tcmspsearch.php?qr=Notoginseng%20Flos&qsr=herb_en_name&token=ff2a4dfa4373a4dfe5a7a93e26adaf15	清热解毒药	Antipyretic Detoxicate Drugs
桑白皮 (Sangbaipi)	Mori Cortex	https://tcmsp-e.com/tcmspsearch.php?qr=Mori%20Cortex&qsr=herb_en_name&token=ff2a4dfa4373a4dfe5a7a93e26adaf15	止咳平喘药	Antitussive Antiasthmetics
桑寄生 (Sangjisheng)	Herba Taxilli	https://tcmsp-e.com/tcmspsearch.php?qr=Herba%20Taxilli&qsr=herb_en_name&token=ff2a4dfa4373a4dfe5a7a93e26adaf15	祛风湿筋骨药	Wind-Damp-Dispelling And Sinew-Bone-Strengthening Medicinal
桑椹 (Sangsheng)	Mori Fructus	https://tcmsp-e.com/tcmspsearch.php?qr=Mori%20Fructus&qsr=herb_en_name&token=ff2a4dfa4373a4dfe5a7a93e26adaf15	补阴药	Yin-Tonifying Medicinal
桑叶 (Sangye)	Mori Follum	https://tcmsp-e.com/tcmspsearch.php?qr=Mori%20Follum&qsr=herb_en_name&token=ff2a4dfa4373a4dfe5a7a93e26adaf15	辛凉解表药	Pungent Cool Diaphoretics
桑枝 (Sangzhi)	Ramulus Mori	https://tcmsp-e.com/tcmspsearch.php?qr=Ramulus%20Mori&qsr=herb_en_name&token=ff2a4dfa4373a4dfe5a7a93e26adaf15	祛风湿清热药	Wind-Dampnessdispelling And Heatclearing Medicinal
沙棘 (Shaji)	Hippophae Fructus	https://tcmsp-e.com/tcmspsearch.php?qr=Hippophae%20Fructus&qsr=herb_en_name&token=ff2a4dfa4373a4dfe5a7a93e26adaf15	化痰药	Phlegresolving Medicine
沙苑子 (Shayuanzi)	Astragali Cpmplanatisemen	https://tcmsp-e.com/tcmspsearch.php?qr=Astragali%20Cpmplanatisemen&qsr=herb_en_name&token=ff2a4dfa4373a4dfe5a7a93e26adaf15	补阳药	Yang Reinforcing Drugs
砂仁 (Sharen)	Amomum Aurantiacum H. T. Tsai Et S. W. Zhao	https://tcmsp-e.com/tcmspsearch.php?qr=Amomum%20Aurantiacum%20H.%20T.%20Tsai%20Et%20S.%20W.%20Zhao&qsr=herb_en_name&token=ff2a4dfa4373a4dfe5a7a93e26adaf15	化湿药	Dampness Removing Drugs
山慈菇 (Shancigu)	Pseudobulbus Cremastrae Seu Pleiones	https://tcmsp-e.com/tcmspsearch.php?qr=Pseudobulbus%20Cremastrae%20Seu%20Pleiones&qsr=herb_en_name&token=ff2a4dfa4373a4dfe5a7a93e26adaf15	清热解毒药	Antipyretic Detoxicate Drugs
山豆根 (Shandougen)	Sophorae Tonkinensis Radix Et Rhizome	https://tcmsp-e.com/tcmspsearch.php?qr=Sophorae%20Tonkinensis%20Radix%20Et%20Rhizome&qsr=herb_en_name&token=ff2a4dfa4373a4dfe5a7a93e26adaf15	清热解毒药	Antipyretic Detoxicate Drugs
山柰 (Shannai)	Kaempferiae Rhizoma	https://tcmsp-e.com/tcmspsearch.php?qr=Kaempferiae%20Rhizoma&qsr=herb_en_name&token=ff2a4dfa4373a4dfe5a7a93e26adaf15	温里药	Warming Interior Drugs
山药 (Shanyao)	Rhizoma Dioscoreae	https://tcmsp-e.com/tcmspsearch.php?qr=Rhizoma%20Dioscoreae&qsr=herb_en_name&token=ff2a4dfa4373a4dfe5a7a93e26adaf15	补气药	Qi Reinforcing Drugs
山楂叶 (Shanzhaye)	Crataegi Folium	https://tcmsp-e.com/tcmspsearch.php?qr=Crataegi%20Folium&qsr=herb_en_name&token=ff2a4dfa4373a4dfe5a7a93e26adaf15	活血祛瘀药	Blood Activating Stasis Removing Drugs
山茱萸 (Shanzhuyu)	Cornus Officinalis Sieb. Et Zucc.	https://tcmsp-e.com/tcmspsearch.php?qr=Cornus%20Officinalis%20Sieb.%20Et%20Zucc.&qsr=herb_en_name&token=ff2a4dfa4373a4dfe5a7a93e26adaf15	收涩药	Astringent Medicinal
商陆 (Shanglu)	Phytolaccae Radix	https://tcmsp-e.com/tcmspsearch.php?qr=Phytolaccae%20Radix&qsr=herb_en_name&token=ff2a4dfa4373a4dfe5a7a93e26adaf15	通水药	Drastic Purgatives
蛇床子 (Shechuangzi)	Cnidii Fructus	https://tcmsp-e.com/tcmspsearch.php?qr=Cnidii%20Fructus&qsr=herb_en_name&token=ff2a4dfa4373a4dfe5a7a93e26adaf15	解毒杀虫燥湿止痒药	Medicinal For Detoxification、Parasiticide、Drying Dampness And Relieving Itching
射干 (Shegan)	Belamcandae Rhizome	https://tcmsp-e.com/tcmspsearch.php?qr=Belamcandae%20Rhizome&qsr=herb_en_name&token=ff2a4dfa4373a4dfe5a7a93e26adaf15	清热解毒药	Antipyretic Detoxicate Drugs
伸筋草 (Shenjincao)	Rhizome Of Whiteback Greenbrier	https://tcmsp-e.com/tcmspsearch.php?qr=Rhizome%20Of%20Whiteback%20Greenbrier&qsr=herb_en_name&token=ff2a4dfa4373a4dfe5a7a93e26adaf15	祛风湿散寒药	Wind-Dampnessdispelling And Colddispersing Medicinal
升麻 (Shengma)	Cimicifugae Rhizoma	https://tcmsp-e.com/tcmspsearch.php?qr=Cimicifugae%20Rhizoma&qsr=herb_en_name&token=ff2a4dfa4373a4dfe5a7a93e26adaf15	辛凉解表药	Pungent Cool Diaphoretics
生姜 (Shengjiang)	Zingiber Officinale Roscoe	https://tcmsp-e.com/tcmspsearch.php?qr=Zingiber%20Officinale%20Roscoe&qsr=herb_en_name&token=ff2a4dfa4373a4dfe5a7a93e26adaf15	辛温解表药	Pungent-Warm Exterior-Releasing Medicinal
十大功劳根 (Shidagonglaogen)	Mahoniae Eadix	https://tcmsp-e.com/tcmspsearch.php?qr=Mahoniae%20Eadix&qsr=herb_en_name&token=ff2a4dfa4373a4dfe5a7a93e26adaf15	清热解毒药	Antipyretic Detoxicate Drugs
十大功劳叶 (Shidagonglaoye)	Mahoniae Folum	https://tcmsp-e.com/tcmspsearch.php?qr=Mahoniae%20Folum&qsr=herb_en_name&token=ff2a4dfa4373a4dfe5a7a93e26adaf15	清热解毒药	Antipyretic Detoxicate Drugs
石菖蒲 (Shichangpu)	Acoritataninowii Rhizoma	https://tcmsp-e.com/tcmspsearch.php?qr=Acoritataninowii%20Rhizoma&qsr=herb_en_name&token=ff2a4dfa4373a4dfe5a7a93e26adaf15	开窍药	Resuscitative Stimulant; Resuscitative Medicinal
石见穿 (Shijianchuan)	Salviae Chinensis Herba	https://tcmsp-e.com/tcmspsearch.php?qr=Salviae%20Chinensis%20Herba&qsr=herb_en_name&token=ff2a4dfa4373a4dfe5a7a93e26adaf15	活血祛瘀药	Blood Activating Stasis Removing Drugs
石榴皮 (Shiliupi)	Granati Pericarpium	https://tcmsp-e.com/tcmspsearch.php?qr=Granati%20Pericarpium&qsr=herb_en_name&token=ff2a4dfa4373a4dfe5a7a93e26adaf15	收涩药	Astringent Medicinal
石上柏 (Shishangbai)	Selaginella Doederleinii Hieron	https://tcmsp-e.com/tcmspsearch.php?qr=Selaginella%20Doederleinii%20Hieron&qsr=herb_en_name&token=ff2a4dfa4373a4dfe5a7a93e26adaf15	清热解毒药	Antipyretic Detoxicate Drugs
石韦 (Shiwei)	Pyrrosiae Folium	https://tcmsp-e.com/tcmspsearch.php?qr=Pyrrosiae%20Folium&qsr=herb_en_name&token=ff2a4dfa4373a4dfe5a7a93e26adaf15	利水渗湿药	Diuretic Dampness Excreting Drugs
使君子 (Shijunzi)	Quisqualis Indica	https://tcmsp-e.com/tcmspsearch.php?qr=Quisqualis%20Indica&qsr=herb_en_name&token=ff2a4dfa4373a4dfe5a7a93e26adaf15	驱虫药	Antiparasitic Drugs
柿蒂 (Shidi)	Kaki Calyx	https://tcmsp-e.com/tcmspsearch.php?qr=Kaki%20Calyx&qsr=herb_en_name&token=ff2a4dfa4373a4dfe5a7a93e26adaf15	理气药	Qi Regulating Drugs
熟地黄 (Shudihuang)	Rehmanniae Radix Praeparata	https://tcmsp-e.com/tcmspsearch.php?qr=Rehmanniae%20Radix%20Praeparata&qsr=herb_en_name&token=ff2a4dfa4373a4dfe5a7a93e26adaf15	补血药	Blood-Tonifying Medicinal
鼠曲草 (Shuqucao)	Gnaphalii Affinis Herba	https://tcmsp-e.com/tcmspsearch.php?qr=Gnaphalii%20Affinis%20Herba&qsr=herb_en_name&token=ff2a4dfa4373a4dfe5a7a93e26adaf15	化痰药	Phlegresolving Medicine
水飞蓟 (Shuifeiji)	Silybum Marianum	https://tcmsp-e.com/tcmspsearch.php?qr=Silybum%20Marianum&qsr=herb_en_name&token=ff2a4dfa4373a4dfe5a7a93e26adaf15	清热解毒药	Antipyretic Detoxicate Drugs
水红花子 (Shuihonghuazi)	Polygoni Orientalis Fructus	https://tcmsp-e.com/tcmspsearch.php?qr=Polygoni%20Orientalis%20Fructus&qsr=herb_en_name&token=ff2a4dfa4373a4dfe5a7a93e26adaf15	活血祛瘀药	Blood Activating Stasis Removing Drugs
四季青 (Sijiqing)	Ilicis Purpureae Folium	https://tcmsp-e.com/tcmspsearch.php?qr=Ilicis%20Purpureae%20Folium&qsr=herb_en_name&token=ff2a4dfa4373a4dfe5a7a93e26adaf15	清热解毒药	Antipyretic Detoxicate Drugs
松花粉 (Songhuafen)	Pine Pollen	https://tcmsp-e.com/tcmspsearch.php?qr=Pine%20Pollen&qsr=herb_en_name&token=ff2a4dfa4373a4dfe5a7a93e26adaf15	收敛止血药	Astringent Hemostatic Medicinal
松节 (Songjie)	Lignum Pini Nodi	https://tcmsp-e.com/tcmspsearch.php?qr=Lignum%20Pini%20Nodi&qsr=herb_en_name&token=ff2a4dfa4373a4dfe5a7a93e26adaf15	祛风湿散寒药	Wind-Dampnessdispelling And Colddispersing Medicinal
松子仁 (Songziren)	Semen Pini Koraiensis	https://tcmsp-e.com/tcmspsearch.php?qr=Semen%20Pini%20Koraiensis&qsr=herb_en_name&token=ff2a4dfa4373a4dfe5a7a93e26adaf15	润下药	Laxatives
苏合香 (Suhexiang)	Styrax	https://tcmsp-e.com/tcmspsearch.php?qr=Styrax&qsr=herb_en_name&token=ff2a4dfa4373a4dfe5a7a93e26adaf15	开窍药	Resuscitative Stimulant; Resuscitative Medicinal
酸枣仁 (Suanzaoren)	Ziziphi Spinosae Semen	https://tcmsp-e.com/tcmspsearch.php?qr=Ziziphi%20Spinosae%20Semen&qsr=herb_en_name&token=ff2a4dfa4373a4dfe5a7a93e26adaf15	安神药	Tranguilizing Medicinal
娑罗子 (Suoluozi)	Semen Aesculi	https://tcmsp-e.com/tcmspsearch.php?qr=Semen%20Aesculi&qsr=herb_en_name&token=ff2a4dfa4373a4dfe5a7a93e26adaf15	理气药	Qi Regulating Drugs
太子参 (Taizishen)	Pseudostellariae Radix	https://tcmsp-e.com/tcmspsearch.php?qr=Pseudostellariae%20Radix&qsr=herb_en_name&token=ff2a4dfa4373a4dfe5a7a93e26adaf15	补气药	Qi Reinforcing Drugs
檀香 (Tanxiang)	Santalum Album L．	https://tcmsp-e.com/tcmspsearch.php?qr=Santalum%20Album%20L．&qsr=herb_en_name&token=ff2a4dfa4373a4dfe5a7a93e26adaf15	理气药	Qi Regulating Drugs
桃仁 (Taoren)	Persicae Semen	https://tcmsp-e.com/tcmspsearch.php?qr=Persicae%20Semen&qsr=herb_en_name&token=ff2a4dfa4373a4dfe5a7a93e26adaf15	活血祛瘀药	Blood Activating Stasis Removing Drugs
天冬 (Tiandong)	Asparagi Radix	https://tcmsp-e.com/tcmspsearch.php?qr=Asparagi%20Radix&qsr=herb_en_name&token=ff2a4dfa4373a4dfe5a7a93e26adaf15	补阴药	Yin-Tonifying Medicinal
天花粉 (Tianhuafen)	Trichosanthis Radix	https://tcmsp-e.com/tcmspsearch.php?qr=Trichosanthis%20Radix&qsr=herb_en_name&token=ff2a4dfa4373a4dfe5a7a93e26adaf15	清热泻火药	Fire Purging Drugs
天葵子 (Tiankuizi)	Semiaquilegiae Radix	https://tcmsp-e.com/tcmspsearch.php?qr=Semiaquilegiae%20Radix&qsr=herb_en_name&token=ff2a4dfa4373a4dfe5a7a93e26adaf15	清热解毒药	Antipyretic Detoxicate Drugs
天南星 (Tiannanxing)	Arisaematis Rhizoma	https://tcmsp-e.com/tcmspsearch.php?qr=Arisaematis%20Rhizoma&qsr=herb_en_name&token=ff2a4dfa4373a4dfe5a7a93e26adaf15	化痰药	Phlegresolving Medicine
天山雪莲 (Tianshanxuelian)	Saussureae Involucratae Herba	https://tcmsp-e.com/tcmspsearch.php?qr=Saussureae%20Involucratae%20Herba&qsr=herb_en_name&token=ff2a4dfa4373a4dfe5a7a93e26adaf15	补阳药	Yang Reinforcing Drugs
天仙藤 (Tianxianteng)	Caulis Aristolochiae	https://tcmsp-e.com/tcmspsearch.php?qr=Caulis%20Aristolochiae&qsr=herb_en_name&token=ff2a4dfa4373a4dfe5a7a93e26adaf15	祛风湿散寒药	Wind-Dampnessdispelling And Colddispersing Medicinal
天仙子 (Tianxianzi)	Hyoscyami Semen	https://tcmsp-e.com/tcmspsearch.php?qr=Hyoscyami%20Semen&qsr=herb_en_name&token=ff2a4dfa4373a4dfe5a7a93e26adaf15	止咳平喘药	Antitussive Antiasthmetics
天竺黄 (Tianzhuhuang)	Bamusaeconcretiosilicea	https://tcmsp-e.com/tcmspsearch.php?qr=Bamusaeconcretiosilicea&qsr=herb_en_name&token=ff2a4dfa4373a4dfe5a7a93e26adaf15	化痰药	Phlegresolving Medicine
甜瓜子 (Tianguazi)	Melo Semen	https://tcmsp-e.com/tcmspsearch.php?qr=Melo%20Semen&qsr=herb_en_name&token=ff2a4dfa4373a4dfe5a7a93e26adaf15	化痰药	Phlegresolving Medicine
铁丝威灵仙 (Tiesiweilingxian)	Smilax Scodinicaulis C.H. Wrisht?	https://tcmsp-e.com/tcmspsearch.php?qr=Smilax%20Scodinicaulis%20C.H.%20Wrisht?&qsr=herb_en_name&token=ff2a4dfa4373a4dfe5a7a93e26adaf15	祛风湿清热药	Wind-Dampnessdispelling And Heatclearing Medicinal
铁线透骨草 (Tiexiantougucao)	Herba Clematidis Aethusaefoliae	https://tcmsp-e.com/tcmspsearch.php?qr=Herba%20Clematidis%20Aethusaefoliae&qsr=herb_en_name&token=ff2a4dfa4373a4dfe5a7a93e26adaf15	祛风湿散寒药	Wind-Dampnessdispelling And Colddispersing Medicinal
葶苈子 (Tinglizi)	Lepidii Semen Descurainiae Semen	https://tcmsp-e.com/tcmspsearch.php?qr=Lepidii%20Semen%20Descurainiae%20Semen&qsr=herb_en_name&token=ff2a4dfa4373a4dfe5a7a93e26adaf15	止咳平喘药	Antitussive Antiasthmetics
通草 (Tongcao)	Tetrapanacis Medulla	https://tcmsp-e.com/tcmspsearch.php?qr=Tetrapanacis%20Medulla&qsr=herb_en_name&token=ff2a4dfa4373a4dfe5a7a93e26adaf15	利水渗湿药	Diuretic Dampness Excreting Drugs
土贝母 (Tubeimu)	Bolbostemae Paniculati Bulbus	https://tcmsp-e.com/tcmspsearch.php?qr=Bolbostemae%20Paniculati%20Bulbus&qsr=herb_en_name&token=ff2a4dfa4373a4dfe5a7a93e26adaf15	化痰药	Phlegresolving Medicine
土茯苓 (Tufuling)	Smilacis Glabrae Rhixoma	https://tcmsp-e.com/tcmspsearch.php?qr=Smilacis%20Glabrae%20Rhixoma&qsr=herb_en_name&token=ff2a4dfa4373a4dfe5a7a93e26adaf15	清热解毒药	Antipyretic Detoxicate Drugs
土荆皮 (Tujingpi)	Pseudolaricis Cortex	https://tcmsp-e.com/tcmspsearch.php?qr=Pseudolaricis%20Cortex&qsr=herb_en_name&token=ff2a4dfa4373a4dfe5a7a93e26adaf15	解毒杀虫燥湿止痒药	Medicinal For Detoxification、Parasiticide、Drying Dampness And Relieving Itching
菟丝子 (Tusizi)	Cuscutae Semen	https://tcmsp-e.com/tcmspsearch.php?qr=Cuscutae%20Semen&qsr=herb_en_name&token=ff2a4dfa4373a4dfe5a7a93e26adaf15	补阳药	Yang Reinforcing Drugs
瓦楞子 (Waleng)	Arcae Concha	https://tcmsp-e.com/tcmspsearch.php?qr=Arcae%20Concha&qsr=herb_en_name&token=ff2a4dfa4373a4dfe5a7a93e26adaf15	化痰药	Phlegresolving Medicine
瓦松 (Wasong)	Cotyledon Fimbriata Turcz.	https://tcmsp-e.com/tcmspsearch.php?qr=Cotyledon%20Fimbriata%20Turcz.&qsr=herb_en_name&token=ff2a4dfa4373a4dfe5a7a93e26adaf15	清热凉血药	Heat Clearing Blood Cooling Drugs
王不留行 (Wangbuliuxing)	Vaccariae Semen	https://tcmsp-e.com/tcmspsearch.php?qr=Vaccariae%20Semen&qsr=herb_en_name&token=ff2a4dfa4373a4dfe5a7a93e26adaf15	活血祛瘀药	Blood Activating Stasis Removing Drugs
威灵仙 (Weilingxian)	Radix Clematidis	https://tcmsp-e.com/tcmspsearch.php?qr=Radix%20Clematidis&qsr=herb_en_name&token=ff2a4dfa4373a4dfe5a7a93e26adaf15	祛风湿散寒药	Wind-Dampnessdispelling And Colddispersing Medicinal
委陵菜 (Weilingcai)	Potentillae Chinensis Herba	https://tcmsp-e.com/tcmspsearch.php?qr=Potentillae%20Chinensis%20Herba&qsr=herb_en_name&token=ff2a4dfa4373a4dfe5a7a93e26adaf15	清热解毒药	Antipyretic Detoxicate Drugs
乌敛莓 (Wulianmei)	Cayratiae Japonicae Herba	https://tcmsp-e.com/tcmspsearch.php?qr=Cayratiae%20Japonicae%20Herba&qsr=herb_en_name&token=ff2a4dfa4373a4dfe5a7a93e26adaf15	清热解毒药	Antipyretic Detoxicate Drugs
乌梅 (Wumei)	Mume Fructus	https://tcmsp-e.com/tcmspsearch.php?qr=Mume%20Fructus&qsr=herb_en_name&token=ff2a4dfa4373a4dfe5a7a93e26adaf15	收涩药	Astringent Medicinal
乌药 (Wuyao)	Linderae Radix	https://tcmsp-e.com/tcmspsearch.php?qr=Linderae%20Radix&qsr=herb_en_name&token=ff2a4dfa4373a4dfe5a7a93e26adaf15	理气药	Qi Regulating Drugs
无患子 (Wuhuanzi)	Sapindi Mukorossi Semen	https://tcmsp-e.com/tcmspsearch.php?qr=Sapindi%20Mukorossi%20Semen&qsr=herb_en_name&token=ff2a4dfa4373a4dfe5a7a93e26adaf15	化痰药	Phlegresolving Medicine
无患子皮 (Wuhuanzipi)	Sapindi Mukorossiperic Arpium	https://tcmsp-e.com/tcmspsearch.php?qr=Sapindi%20Mukorossiperic%20Arpium&qsr=herb_en_name&token=ff2a4dfa4373a4dfe5a7a93e26adaf15	化痰药	Phlegresolving Medicine
吴茱萸 (Wuzhuyu)	Evodiae Fructus	https://tcmsp-e.com/tcmspsearch.php?qr=Evodiae%20Fructus&qsr=herb_en_name&token=ff2a4dfa4373a4dfe5a7a93e26adaf15	温里药	Warming Interior Drugs
梧桐子 (Wutongzi)	Semen Firmianae	https://tcmsp-e.com/tcmspsearch.php?qr=Semen%20Firmianae&qsr=herb_en_name&token=ff2a4dfa4373a4dfe5a7a93e26adaf15	消食药	Digestants
五倍子 (Wubeizi)	Galla Chinensis	https://tcmsp-e.com/tcmspsearch.php?qr=Galla%20Chinensis&qsr=herb_en_name&token=ff2a4dfa4373a4dfe5a7a93e26adaf15	收涩药	Astringent Medicinal
西河柳 (Xiheliu)	Tamaricis Cacumen	https://tcmsp-e.com/tcmspsearch.php?qr=Tamaricis%20Cacumen&qsr=herb_en_name&token=ff2a4dfa4373a4dfe5a7a93e26adaf15	辛温解表药	Pungent-Warm Exterior-Releasing Medicinal
西红花 (Xihonghua)	Croci Stigma	https://tcmsp-e.com/tcmspsearch.php?qr=Croci%20Stigma&qsr=herb_en_name&token=ff2a4dfa4373a4dfe5a7a93e26adaf15	活血祛瘀药	Blood Activating Stasis Removing Drugs
西洋参 (Xiyangshen)	Panacis Quinquefolii Radix	https://tcmsp-e.com/tcmspsearch.php?qr=Panacis%20Quinquefolii%20Radix&qsr=herb_en_name&token=ff2a4dfa4373a4dfe5a7a93e26adaf15	补气药	Qi Reinforcing Drugs
豨莶草 (Xixiancao)	Siegesbeckiae Herba	https://tcmsp-e.com/tcmspsearch.php?qr=Siegesbeckiae%20Herba&qsr=herb_en_name&token=ff2a4dfa4373a4dfe5a7a93e26adaf15	祛风湿清热药	Wind-Dampnessdispelling And Heatclearing Medicinal
细辛 (Xixin)	Asari Radix Et Rhizoma	https://tcmsp-e.com/tcmspsearch.php?qr=Asari%20Radix%20Et%20Rhizoma&qsr=herb_en_name&token=ff2a4dfa4373a4dfe5a7a93e26adaf15	辛温解表药	Pungent-Warm Exterior-Releasing Medicinal
夏枯草 (Xiakucao)	Prunellae Spica	https://tcmsp-e.com/tcmspsearch.php?qr=Prunellae%20Spica&qsr=herb_en_name&token=ff2a4dfa4373a4dfe5a7a93e26adaf15	清热泻火药	Fire Purging Drugs
夏天无 (Xiatianwu)	Corydalis Decumbens(Thunb.)Pers.	https://tcmsp-e.com/tcmspsearch.php?qr=Corydalis%20Decumbens(Thunb.)Pers.&qsr=herb_en_name&token=ff2a4dfa4373a4dfe5a7a93e26adaf15	祛风湿清热药	Wind-Dampnessdispelling And Heatclearing Medicinal
仙鹤草 (Xianhecao)	Agrimonia Eupatoria	https://tcmsp-e.com/tcmspsearch.php?qr=Agrimonia%20Eupatoria&qsr=herb_en_name&token=ff2a4dfa4373a4dfe5a7a93e26adaf15	收敛止血药	Astringent Hemostatic Medicinal
仙茅 (Xianmao)	Curculiginis Rhizome	https://tcmsp-e.com/tcmspsearch.php?qr=Curculiginis%20Rhizome&qsr=herb_en_name&token=ff2a4dfa4373a4dfe5a7a93e26adaf15	补阳药	Yang Reinforcing Drugs
仙桃草 (Xiantaocao)	Veronicae Peregrinae Herba	https://tcmsp-e.com/tcmspsearch.php?qr=Veronicae%20Peregrinae%20Herba&qsr=herb_en_name&token=ff2a4dfa4373a4dfe5a7a93e26adaf15	活血祛瘀药	Blood Activating Stasis Removing Drugs
相思子 (Xiangsizi)	Abrus Precatorius L.	https://tcmsp-e.com/tcmspsearch.php?qr=Abrus%20Precatorius%20L.&qsr=herb_en_name&token=ff2a4dfa4373a4dfe5a7a93e26adaf15	清热解毒药	Antipyretic Detoxicate Drugs
香附 (Xiangfu)	Cyperi Rhizoma	https://tcmsp-e.com/tcmspsearch.php?qr=Cyperi%20Rhizoma&qsr=herb_en_name&token=ff2a4dfa4373a4dfe5a7a93e26adaf15	理气药	Qi Regulating Drugs
香加皮 (Xiangjiapi)	Cortex Periplocae Radicis	https://tcmsp-e.com/tcmspsearch.php?qr=Cortex%20Periplocae%20Radicis&qsr=herb_en_name&token=ff2a4dfa4373a4dfe5a7a93e26adaf15	祛风湿散寒药	Wind-Dampnessdispelling And Colddispersing Medicinal
香茅 (Xiangmao)	Cymbopon Citratus(D C.) Stapf	https://tcmsp-e.com/tcmspsearch.php?qr=Cymbopon%20Citratus(D%20C.)%20Stapf&qsr=herb_en_name&token=ff2a4dfa4373a4dfe5a7a93e26adaf15	祛风湿散寒药	Wind-Dampnessdispelling And Colddispersing Medicinal
香薷 (Xiangru)	Moslae Herba	https://tcmsp-e.com/tcmspsearch.php?qr=Moslae%20Herba&qsr=herb_en_name&token=ff2a4dfa4373a4dfe5a7a93e26adaf15	辛温解表药	Pungent-Warm Exterior-Releasing Medicinal
香橼 (Xiangyuan)	Citri Fructus	https://tcmsp-e.com/tcmspsearch.php?qr=Citri%20Fructus&qsr=herb_en_name&token=ff2a4dfa4373a4dfe5a7a93e26adaf15	理气药	Qi Regulating Drugs
小茴香 (Xiaohuixiang)	Foeniculi Fructus	https://tcmsp-e.com/tcmspsearch.php?qr=Foeniculi%20Fructus&qsr=herb_en_name&token=ff2a4dfa4373a4dfe5a7a93e26adaf15	温里药	Warming Interior Drugs
小蓟 (Xiaoji)	Herba Cirsii	https://tcmsp-e.com/tcmspsearch.php?qr=Herba%20Cirsii&qsr=herb_en_name&token=ff2a4dfa4373a4dfe5a7a93e26adaf15	凉血止血药	Blood-Cooling Hemostatic Medicinal
小通草 (Xiaotongcao)	Stachyurimedulla Helwingiaemedulla	https://tcmsp-e.com/tcmspsearch.php?qr=Stachyurimedulla%20Helwingiaemedulla&qsr=herb_en_name&token=ff2a4dfa4373a4dfe5a7a93e26adaf15	利水渗湿药	Diuretic Dampness Excreting Drugs
薤白 (Xiebai)	Allium Azureum Ledeb.	https://tcmsp-e.com/tcmspsearch.php?qr=Allium%20Azureum%20Ledeb.&qsr=herb_en_name&token=ff2a4dfa4373a4dfe5a7a93e26adaf15	理气药	Qi Regulating Drugs
辛夷 (Xinyi)	Magnoliae Flos	https://tcmsp-e.com/tcmspsearch.php?qr=Magnoliae%20Flos&qsr=herb_en_name&token=ff2a4dfa4373a4dfe5a7a93e26adaf15	辛温解表药	Pungent-Warm Exterior-Releasing Medicinal
徐长卿 (Xuchangqing)	Radix Cynanchi Paniculati	https://tcmsp-e.com/tcmspsearch.php?qr=Radix%20Cynanchi%20Paniculati&qsr=herb_en_name&token=ff2a4dfa4373a4dfe5a7a93e26adaf15	祛风湿散寒药	Wind-Dampnessdispelling And Colddispersing Medicinal
续断 (Xuduan)	Dipsaci Radix	https://tcmsp-e.com/tcmspsearch.php?qr=Dipsaci%20Radix&qsr=herb_en_name&token=ff2a4dfa4373a4dfe5a7a93e26adaf15	补阳药	Yang Reinforcing Drugs
萱草根 (Xuancaogen)	Hemerocallis Radix	https://tcmsp-e.com/tcmspsearch.php?qr=Hemerocallis%20Radix&qsr=herb_en_name&token=ff2a4dfa4373a4dfe5a7a93e26adaf15	利水渗湿药	Diuretic Dampness Excreting Drugs
玄参 (Xuanshen)	Figwort Root	https://tcmsp-e.com/tcmspsearch.php?qr=Figwort%20Root&qsr=herb_en_name&token=ff2a4dfa4373a4dfe5a7a93e26adaf15	清热凉血药	Heat Clearing Blood Cooling Drugs
旋覆花 (Xuanfuhua)	Inulae Flos	https://tcmsp-e.com/tcmspsearch.php?qr=Inulae%20Flos&qsr=herb_en_name&token=ff2a4dfa4373a4dfe5a7a93e26adaf15	化痰药	Phlegresolving Medicine
寻骨风 (Xungufeng)	Rhizoma Seu Herba Aristolochiae Mollissimae	https://tcmsp-e.com/tcmspsearch.php?qr=Rhizoma%20Seu%20Herba%20Aristolochiae%20Mollissimae&qsr=herb_en_name&token=ff2a4dfa4373a4dfe5a7a93e26adaf15	祛风湿散寒药	Wind-Dampnessdispelling And Colddispersing Medicinal
鸦胆子 (Yadanzi)	Bruceae Fructus	https://tcmsp-e.com/tcmspsearch.php?qr=Bruceae%20Fructus&qsr=herb_en_name&token=ff2a4dfa4373a4dfe5a7a93e26adaf15	清热解毒药	Antipyretic Detoxicate Drugs
鸭跖草 (Yazhicao)	Commelinae Herba	https://tcmsp-e.com/tcmspsearch.php?qr=Commelinae%20Herba&qsr=herb_en_name&token=ff2a4dfa4373a4dfe5a7a93e26adaf15	清热泻火药	Fire Purging Drugs
亚麻子 (Yamazi)	Semen Lini	https://tcmsp-e.com/tcmspsearch.php?qr=Semen%20Lini&qsr=herb_en_name&token=ff2a4dfa4373a4dfe5a7a93e26adaf15	润下药	Laxatives
延胡索 (Yanhusuo)	Corydalis Rhizoma	https://tcmsp-e.com/tcmspsearch.php?qr=Corydalis%20Rhizoma&qsr=herb_en_name&token=ff2a4dfa4373a4dfe5a7a93e26adaf15	理气药	Qi Regulating Drugs
洋金花 (Yangjinhua)	Daturae Flos	https://tcmsp-e.com/tcmspsearch.php?qr=Daturae%20Flos&qsr=herb_en_name&token=ff2a4dfa4373a4dfe5a7a93e26adaf15	止咳平喘药	Antitussive Antiasthmetics
野菊花 (Yejuhua)	Chrysanthemi Indici Flos	https://tcmsp-e.com/tcmspsearch.php?qr=Chrysanthemi%20Indici%20Flos&qsr=herb_en_name&token=ff2a4dfa4373a4dfe5a7a93e26adaf15	清热解毒药	Antipyretic Detoxicate Drugs
一枝黄花 (Yizhihuanghua)	Solidaginis Herba	https://tcmsp-e.com/tcmspsearch.php?qr=Solidaginis%20Herba&qsr=herb_en_name&token=ff2a4dfa4373a4dfe5a7a93e26adaf15	辛凉解表药	Pungent Cool Diaphoretics
伊贝母 (Yibeimu)	Fritillariae Pallidiflorae Bulbus	https://tcmsp-e.com/tcmspsearch.php?qr=Fritillariae%20Pallidiflorae%20Bulbus&qsr=herb_en_name&token=ff2a4dfa4373a4dfe5a7a93e26adaf15	化痰药	Phlegresolving Medicine
益母草 (Yimucao)	Leonuri Herba	https://tcmsp-e.com/tcmspsearch.php?qr=Leonuri%20Herba&qsr=herb_en_name&token=ff2a4dfa4373a4dfe5a7a93e26adaf15	活血祛瘀药	Blood Activating Stasis Removing Drugs
益智 (Yizhi)	Alpiniae Oxyphyliae Fructus	https://tcmsp-e.com/tcmspsearch.php?qr=Alpiniae%20Oxyphyliae%20Fructus&qsr=herb_en_name&token=ff2a4dfa4373a4dfe5a7a93e26adaf15	补阳药	Yang Reinforcing Drugs
薏苡仁 (Yiyiren)	Coicis Semen	https://tcmsp-e.com/tcmspsearch.php?qr=Coicis%20Semen&qsr=herb_en_name&token=ff2a4dfa4373a4dfe5a7a93e26adaf15	利水渗湿药	Diuretic Dampness Excreting Drugs
茵陈 (Yinchen)	Artemisiae Scopariae Herba	https://tcmsp-e.com/tcmspsearch.php?qr=Artemisiae%20Scopariae%20Herba&qsr=herb_en_name&token=ff2a4dfa4373a4dfe5a7a93e26adaf15	利水渗湿药	Diuretic Dampness Excreting Drugs
银柴胡 (Yinchaihu)	Gypsophila Licentiana Hand.-Mazz.	https://tcmsp-e.com/tcmspsearch.php?qr=Gypsophila%20Licentiana%20Hand.-Mazz.&qsr=herb_en_name&token=ff2a4dfa4373a4dfe5a7a93e26adaf15	清虚热药	Asthenic Heat Dispelling Drugs
银杏叶 (Yinxingye)	Ginkgo Folium	https://tcmsp-e.com/tcmspsearch.php?qr=Ginkgo%20Folium&qsr=herb_en_name&token=ff2a4dfa4373a4dfe5a7a93e26adaf15	止咳平喘药	Antitussive Antiasthmetics
淫羊藿 (Yinyanghuo)	Epimrdii Herba	https://tcmsp-e.com/tcmspsearch.php?qr=Epimrdii%20Herba&qsr=herb_en_name&token=ff2a4dfa4373a4dfe5a7a93e26adaf15	补阳药	Yang Reinforcing Drugs
罂粟壳 (Yingsuke)	Papaveris Pericarpium	https://tcmsp-e.com/tcmspsearch.php?qr=Papaveris%20Pericarpium&qsr=herb_en_name&token=ff2a4dfa4373a4dfe5a7a93e26adaf15	收涩药	Astringent Medicinal
余甘子 (Yuganzi)	Phyllanthi Fructus	https://tcmsp-e.com/tcmspsearch.php?qr=Phyllanthi%20Fructus&qsr=herb_en_name&token=ff2a4dfa4373a4dfe5a7a93e26adaf15	清热解毒药	Antipyretic Detoxicate Drugs
鱼腥草 (Yuxingcao)	Houttuyniae Herba	https://tcmsp-e.com/tcmspsearch.php?qr=Houttuyniae%20Herba&qsr=herb_en_name&token=ff2a4dfa4373a4dfe5a7a93e26adaf15	清热解毒药	Antipyretic Detoxicate Drugs
禹州漏芦 (Yuzhouloulu)	Echinopsis Radix	https://tcmsp-e.com/tcmspsearch.php?qr=Echinopsis%20Radix&qsr=herb_en_name&token=ff2a4dfa4373a4dfe5a7a93e26adaf15	拔毒化腐生肌药	External Medicinal (Draw Out Toxin, Resolve Putridity)
玉米须 (Yumixu)	Maydis Seigma	https://tcmsp-e.com/tcmspsearch.php?qr=Maydis%20Seigma&qsr=herb_en_name&token=ff2a4dfa4373a4dfe5a7a93e26adaf15	利水渗湿药	Diuretic Dampness Excreting Drugs
玉竹 (Yuzhu)	Polygonati Odorati Rhizoma	https://tcmsp-e.com/tcmspsearch.php?qr=Polygonati%20Odorati%20Rhizoma&qsr=herb_en_name&token=ff2a4dfa4373a4dfe5a7a93e26adaf15	补阴药	Yin-Tonifying Medicinal
郁金 (Yujin)	Curcumae Radix	https://tcmsp-e.com/tcmspsearch.php?qr=Curcumae%20Radix&qsr=herb_en_name&token=ff2a4dfa4373a4dfe5a7a93e26adaf15	活血祛瘀药	Blood Activating Stasis Removing Drugs
郁李仁 (Yuliren)	Semen Pruni	https://tcmsp-e.com/tcmspsearch.php?qr=Semen%20Pruni&qsr=herb_en_name&token=ff2a4dfa4373a4dfe5a7a93e26adaf15	润下药	Laxatives
预知子 (Yuzhizi)	Akebiae Frucyus	https://tcmsp-e.com/tcmspsearch.php?qr=Akebiae%20Frucyus&qsr=herb_en_name&token=ff2a4dfa4373a4dfe5a7a93e26adaf15	理气药	Qi Regulating Drugs
芫花 (Yuanhua)	Flos Genkwa	https://tcmsp-e.com/tcmspsearch.php?qr=Flos%20Genkwa&qsr=herb_en_name&token=ff2a4dfa4373a4dfe5a7a93e26adaf15	通水药	Drastic Purgatives
芫荽 (Yuansui)	Coriandri Sativi Herba	https://tcmsp-e.com/tcmspsearch.php?qr=Coriandri%20Sativi%20Herba&qsr=herb_en_name&token=ff2a4dfa4373a4dfe5a7a93e26adaf15	辛温解表药	Pungent-Warm Exterior-Releasing Medicinal
月季花 (Yuejihua)	Mori Cortex	https://tcmsp-e.com/tcmspsearch.php?qr=Mori%20Cortex&qsr=herb_en_name&token=ff2a4dfa4373a4dfe5a7a93e26adaf15	活血祛瘀药	Blood Activating Stasis Removing Drugs
云芝 (Yunzhi)	Coriolus	https://tcmsp-e.com/tcmspsearch.php?qr=Coriolus&qsr=herb_en_name&token=ff2a4dfa4373a4dfe5a7a93e26adaf15	拔毒化腐生肌药	External Medicinal (Draw Out Toxin, Resolve Putridity)
皂荚子 (Zaojiazi)	Gleditsiae Sinensis Semen	https://tcmsp-e.com/tcmspsearch.php?qr=Gleditsiae%20Sinensis%20Semen&qsr=herb_en_name&token=ff2a4dfa4373a4dfe5a7a93e26adaf15	化痰药	Phlegresolving Medicine
皂角刺 (Zaojiaoci)	Gleditsiae Spina	https://tcmsp-e.com/tcmspsearch.php?qr=Gleditsiae%20Spina&qsr=herb_en_name&token=ff2a4dfa4373a4dfe5a7a93e26adaf15	化痰药	Phlegresolving Medicine
泽兰 (Zelan)	Lycopi Herba	https://tcmsp-e.com/tcmspsearch.php?qr=Lycopi%20Herba&qsr=herb_en_name&token=ff2a4dfa4373a4dfe5a7a93e26adaf15	活血祛瘀药	Blood Activating Stasis Removing Drugs
泽漆 (Zeqi)	Euphorbiae Helioscopiae Herba	https://tcmsp-e.com/tcmspsearch.php?qr=Euphorbiae%20Helioscopiae%20Herba&qsr=herb_en_name&token=ff2a4dfa4373a4dfe5a7a93e26adaf15	利水渗湿药	Diuretic Dampness Excreting Drugs
泽泻 (Zexie)	Alisma Orientale (Sam.) Juz.	https://tcmsp-e.com/tcmspsearch.php?qr=Alisma%20Orientale%20(Sam.)%20Juz.&qsr=herb_en_name&token=ff2a4dfa4373a4dfe5a7a93e26adaf15	利水渗湿药	Diuretic Dampness Excreting Drugs
浙贝母 (Zhebeimu)	Fritillariae Thunbrgii Bulbus	https://tcmsp-e.com/tcmspsearch.php?qr=Fritillariae%20Thunbrgii%20Bulbus&qsr=herb_en_name&token=ff2a4dfa4373a4dfe5a7a93e26adaf15	化痰药	Phlegresolving Medicine
知母 (Zhimu)	Anemarrhenae Rhizoma	https://tcmsp-e.com/tcmspsearch.php?qr=Anemarrhenae%20Rhizoma&qsr=herb_en_name&token=ff2a4dfa4373a4dfe5a7a93e26adaf15	清热泻火药	Fire Purging Drugs
栀子 (Zhizi)	Gardeniae Fructus	https://tcmsp-e.com/tcmspsearch.php?qr=Gardeniae%20Fructus&qsr=herb_en_name&token=ff2a4dfa4373a4dfe5a7a93e26adaf15	清热泻火药	Fire Purging Drugs
枳椇子 (Zhijuzi)	Hoveniae Dulcis Semen	https://tcmsp-e.com/tcmspsearch.php?qr=Hoveniae%20Dulcis%20Semen&qsr=herb_en_name&token=ff2a4dfa4373a4dfe5a7a93e26adaf15	利水渗湿药	Diuretic Dampness Excreting Drugs
枳壳 (Zhike)	Aurantii Fructus	https://tcmsp-e.com/tcmspsearch.php?qr=Aurantii%20Fructus&qsr=herb_en_name&token=ff2a4dfa4373a4dfe5a7a93e26adaf15	理气药	Qi Regulating Drugs
枳实 (Zhishi)	Aurantii Fructus Immaturus	https://tcmsp-e.com/tcmspsearch.php?qr=Aurantii%20Fructus%20Immaturus&qsr=herb_en_name&token=ff2a4dfa4373a4dfe5a7a93e26adaf15	理气药	Qi Regulating Drugs
肿节风 (Zhongjiefeng)	Herba Sarcandrae	https://tcmsp-e.com/tcmspsearch.php?qr=Herba%20Sarcandrae&qsr=herb_en_name&token=ff2a4dfa4373a4dfe5a7a93e26adaf15	清热解毒药	Antipyretic Detoxicate Drugs
猪苓 (Zhuling)	Polyporus Umbellatus(Pers)Fr.	https://tcmsp-e.com/tcmspsearch.php?qr=Polyporus%20Umbellatus(Pers)Fr.&qsr=herb_en_name&token=ff2a4dfa4373a4dfe5a7a93e26adaf15	利水渗湿药	Diuretic Dampness Excreting Drugs
猪牙皂 (Zhuyazao)	Gleditsiae Fructus Abnormalis	https://tcmsp-e.com/tcmspsearch.php?qr=Gleditsiae%20Fructus%20Abnormalis&qsr=herb_en_name&token=ff2a4dfa4373a4dfe5a7a93e26adaf15	化痰药	Phlegresolving Medicine
竹节参 (Zhujieshen)	Panacis Japonici Rhizoma	https://tcmsp-e.com/tcmspsearch.php?qr=Panacis%20Japonici%20Rhizoma&qsr=herb_en_name&token=ff2a4dfa4373a4dfe5a7a93e26adaf15	补气药	Qi Reinforcing Drugs
竹沥 (Zhuli)	Bomboo Juice	https://tcmsp-e.com/tcmspsearch.php?qr=Bomboo%20Juice&qsr=herb_en_name&token=ff2a4dfa4373a4dfe5a7a93e26adaf15	清热解毒药	Antipyretic Detoxicate Drugs
苎麻根 (Zhumagen)	Boehmeriae Rhizoma Et Radix	https://tcmsp-e.com/tcmspsearch.php?qr=Boehmeriae%20Rhizoma%20Et%20Radix&qsr=herb_en_name&token=ff2a4dfa4373a4dfe5a7a93e26adaf15	凉血止血药	Blood-Cooling Hemostatic Medicinal
紫草 (Zicao)	Lithospermum Erythrorhizon	https://tcmsp-e.com/tcmspsearch.php?qr=Lithospermum%20Erythrorhizon&qsr=herb_en_name&token=ff2a4dfa4373a4dfe5a7a93e26adaf15	清热凉血药	Heat Clearing Blood Cooling Drugs
紫花地丁 (Zihuadiding)	Violsse Herba	https://tcmsp-e.com/tcmspsearch.php?qr=Violsse%20Herba&qsr=herb_en_name&token=ff2a4dfa4373a4dfe5a7a93e26adaf15	清热解毒药	Antipyretic Detoxicate Drugs
紫花前胡 (Zihuaqianhu)	Peucedanidecursivi Radix	https://tcmsp-e.com/tcmspsearch.php?qr=Peucedanidecursivi%20Radix&qsr=herb_en_name&token=ff2a4dfa4373a4dfe5a7a93e26adaf15	化痰药	Phlegresolving Medicine
紫苏 (Zisu)	Perilla Frutescens	https://tcmsp-e.com/tcmspsearch.php?qr=Perilla%20Frutescens&qsr=herb_en_name&token=ff2a4dfa4373a4dfe5a7a93e26adaf15	辛温解表药	Pungent-Warm Exterior-Releasing Medicinal
紫苏子 (Zisuzi)	Perillae Fructus	https://tcmsp-e.com/tcmspsearch.php?qr=Perillae%20Fructus&qsr=herb_en_name&token=ff2a4dfa4373a4dfe5a7a93e26adaf15	止咳平喘药	Antitussive Antiasthmetics
紫菀 (Ziwan)	Asteris Radix Et Rhizoma	https://tcmsp-e.com/tcmspsearch.php?qr=Asteris%20Radix%20Et%20Rhizoma&qsr=herb_en_name&token=ff2a4dfa4373a4dfe5a7a93e26adaf15	止咳平喘药	Antitussive Antiasthmetics
葛根 (Gegen)	Radix Puerariae	https://tcmsp-e.com/tcmspsearch.php?qr=Radix%20Puerariae&qsr=herb_en_name&token=ff2a4dfa4373a4dfe5a7a93e26adaf15	辛温解表药	Pungent-Warm Exterior-Releasing Medicinal
海参 (Haishen)	Sea Cucumber	https://tcmsp-e.com/tcmspsearch.php?qr=Sea%20Cucumber&qsr=herb_en_name&token=ff2a4dfa4373a4dfe5a7a93e26adaf15	其它	Others
灯盏细辛 (Dengzhanxixin)	Erigeron Breviscapus	https://tcmsp-e.com/tcmspsearch.php?qr=Erigeron%20Breviscapus&qsr=herb_en_name&token=ff2a4dfa4373a4dfe5a7a93e26adaf15	辛温解表药	Pungent-Warm Exterior-Releasing Medicinal
蒿本 (Haoben)	Radix et Rhizoma Ligustici Chinesis	https://tcmsp-e.com/tcmspsearch.php?qr=Radix%20et%20Rhizoma%20Ligustici%20Chinesis&qsr=herb_en_name&token=ff2a4dfa4373a4dfe5a7a93e26adaf15	辛温解表药	Pungent-Warm Exterior-Releasing Medicinal
